binding_energy_eV,raw_intensity,background,component:imide_N-C=O,total_fit,residual
392.00005371093744,24298.978809874818,24298.978809874818,42.2374442721087,24341.216254146926,-42.237444272108405
392.10005371093735,24459.380932547043,24300.412923506792,43.335131091212496,24343.748054598003,115.63287794903954
392.2000537109375,24669.835781394897,24301.84703713877,44.47608153857969,24346.32311867735,323.51266271754866
392.3000537109374,24578.682150477038,24303.281150770745,45.662594470603295,24348.943745241348,229.73840523569015
392.4000537109375,24373.81475105525,24304.715264402723,46.8971231435907,24351.612387546313,22.202363508939015
392.50005371093744,24183.586615165153,24306.149378034694,48.18228779798547,24354.33166583268,-170.7450506675268
392.60005371093735,24505.305856984214,24307.583491666668,49.52088945278593,24357.104381119454,148.20147586476014
392.7000537109375,24097.934328764793,24309.017605298646,50.91592504460179,24359.93353034325,-261.99920157845554
392.8000537109374,24378.160763554817,24310.45171893062,52.37060406289482,24362.822322993514,15.338440561303287
392.9000537109375,24834.62543267538,24311.8858325626,53.88836685238892,24365.774199414987,468.8512332603932
393.00005371093744,24446.259562438496,24313.319946194573,55.472904775746386,24368.79285097032,77.46671146817607
393.10005371093735,24438.458371936555,24314.754059826548,57.12818245526765,24371.882242281816,66.5761296547389
393.2000537109375,24146.72479996605,24316.188173458526,58.858462341443044,24375.04663579997,-228.32183583391816
393.3000537109374,24411.842060417035,24317.6222870905,60.66833188995627,24378.290618980456,33.5514414365789
393.4000537109375,24127.47448550283,24319.05640072248,62.562733667545736,24381.619134390025,-254.14464888719522
393.50005371093744,24384.63680996815,24320.490514354453,64.54699875178858,24385.037513106243,-0.40070313809337677
393.60005371093735,24655.283998473456,24321.924627986424,66.62688384194945,24388.551511828373,266.73248664508355
393.7000537109375,24472.849582332776,24323.358741618402,68.80861255793883,24392.16735417634,80.68222815643458
393.8000537109374,24405.156312077943,24324.792855250376,71.0989214744544,24395.89177672483,9.264535353111569
393.9000537109375,24710.666826838187,24326.226968882354,73.5051115187971,24399.73208040115,310.93474643703667
394.00005371093744,24262.614741078305,24327.66108251433,76.03510545569823,24403.69618797003,-141.08144689172332
394.10005371093735,24264.6056292852,24329.095196146303,78.69751229397879,24407.792708440284,-143.18707915508276
394.2000537109375,24450.819343674273,24330.52930977828,81.5016995800045,24412.031009358285,38.78833431598832
394.3000537109374,24408.22967841655,24331.963423410256,84.45787469645296,24416.42129810671,-8.191619690162042
394.4000537109375,24009.51724852686,24333.397537042234,87.57717646573921,24420.974713507974,-411.45746498111475
394.50005371093744,24325.37255149457,24334.831650674205,90.87177857091804,24425.703429245124,-100.33087775055537
394.60005371093735,24313.95099842736,24336.26576430618,94.35500656052822,24430.620770866706,-116.66977243934525
394.7000537109375,24267.855551600984,24337.699877938157,98.04147050449029,24435.741348442647,-167.88579684166325
394.8000537109374,24378.984178614,24339.133991570132,101.94721572717803,24441.08120729731,-62.09702868331078
394.9000537109375,24317.60189899425,24340.56810520211,106.0898944727127,24446.657999674822,-129.05610068057285
395.00005371093744,24164.431314890895,24342.002218834084,110.48896187149063,24452.491180705576,-288.05986581468096
395.10005371093735,24250.036512737657,24343.43633246606,115.16590019603666,24458.602232662095,-208.56571992443787
395.2000537109375,24580.34050070477,24344.870446098037,120.14447614028629,24465.014922238322,115.32557846644704
395.3000537109374,24553.183294401362,24346.30455973001,125.45103676057775,24471.755596490588,81.42769791077444
395.4000537109375,24518.77774449506,24347.73867336199,131.114850814901,24478.85352417689,39.9242203181675
395.50005371093744,24253.962368854616,24349.172786993964,137.16850357562964,24486.341290569595,-232.3789217149788
395.60005371093735,24131.086214374893,24350.606900625935,143.6483548304805,24494.255255456417,-363.1690410815245
395.7000537109375,24200.351187063046,24352.041014257913,150.59507179912293,24502.636086057035,-302.28489899398846
395.8000537109374,24356.358728230898,24353.475127889888,158.05425117642142,24511.52937906631,-155.17065083541092
395.9000537109375,24220.049824879417,24354.909241521866,166.07714758844048,24520.986389110305,-300.9365642308876
396.00005371093744,24417.45912895502,24356.34335515384,174.72152957109512,24531.064884724936,-113.60575576991687
396.10005371093735,24251.968185388698,24357.777468785815,184.05268896025586,24541.83015774607,-289.861972357372
396.2000537109375,24190.15583602292,24359.211582417793,194.14463558178073,24553.356217999575,-363.20038197665417
396.3000537109374,24446.698630194103,24360.645696049767,205.0815167167421,24565.72721276651,-119.02858257240587
396.4000537109375,24637.238010322966,24362.079809681745,216.95931050349193,24579.039120185236,58.198890137729904
396.50005371093744,24406.283767902125,24363.513923313716,229.8878550170354,24593.40177833075,-187.11801042862498
396.60005371093735,24316.78084051361,24364.94803694569,243.99329161886683,24608.941328564557,-292.1604880509476
396.7000537109375,24332.371358926986,24366.38215057767,259.4210249996507,24625.80317557732,-293.4318166503326
396.8000537109374,24356.094820338014,24367.816264209643,276.3393389542775,24644.15560316392,-288.06078282590533
396.9000537109375,24440.165947708763,24369.25037784162,294.94386923675324,24664.194247078376,-224.0282993696128
397.00005371093744,24164.096277722994,24370.684491473596,315.4632513087268,24686.147742782323,-522.0514650593286
397.10005371093735,24115.122937337397,24372.11860510557,338.1664919507134,24710.285097056283,-595.162159718886
397.2000537109375,24240.8642573304,24373.55271873755,363.3730811404971,24736.925799878045,-496.06154254764624
397.3000537109374,24641.092298401887,24374.986832369523,391.4677914950299,24766.454623864553,-125.36232546266547
397.4000537109375,24521.555593018267,24376.4209460015,422.92389451581664,24799.34484051732,-277.78924749905127
397.50005371093744,24645.043612356694,24377.855059633475,458.34174354622047,24836.196803179697,-191.15319082300266
397.60005371093735,24754.14625644221,24379.289173265446,498.5150818601575,24877.804255125604,-123.65799868339309
397.7000537109375,24686.124397481595,24380.723286897424,544.5457112684375,24925.268998165862,-239.14460068426706
397.8000537109374,24785.488193138473,24382.1574005294,598.0383442836045,24980.195744813,-194.70755167452808
397.9000537109375,25515.213150223495,24383.591514161377,661.4199450042238,25045.011459165602,470.2016910578932
398.00005371093744,25229.085388536234,24385.02562779335,738.4369857002198,25123.46261349357,105.6227750426624
398.10005371093735,25173.126192728636,24386.459741425326,834.8808916911829,25221.34063311651,-48.214440387873765
398.2000537109375,25531.078356619313,24387.893855057304,959.5633893332049,25347.45724439051,183.62111222880412
398.3000537109374,25644.704204617272,24389.32796868928,1125.4950728608642,25514.823041550142,129.88116306712982
398.4000537109375,25996.484269461915,24390.762082321256,1351.1035830737683,25741.865665395024,254.61860406689084
398.50005371093744,26400.462254629983,24392.196195953227,1661.170302353542,26053.36649830677,347.095756323215
398.60005371093735,27118.051410442473,24393.6303095852,2087.0020837995726,26480.632393384774,637.4190170576985
398.7000537109375,27439.88794753768,24395.06442321718,2665.25426581599,27060.31868903317,379.5692585045108
398.8000537109374,28216.12980105905,24396.498536849154,3434.867821438251,27831.366358287407,384.7634427716439
398.9000537109375,28511.311427542594,24397.932650481132,4431.841512521533,28829.774163002665,-318.4627354600707
399.00005371093744,30061.32455056992,24399.366764113107,5682.01481125268,30081.381575365787,-20.05702479586762
399.10005371093735,31218.933653277007,24400.80087774508,7192.536939800346,31593.337817545427,-374.4041642684206
399.2000537109375,33158.56155846549,24402.23499137706,8942.942883245983,33345.17787462304,-186.61631615755323
399.3000537109374,35361.39409195844,24403.669105009034,10876.443704731544,35280.112809740574,81.28128221786756
399.4000537109375,37402.23691942866,24405.103218641012,12891.336289705061,37296.43950834607,105.79741108258895
399.50005371093744,39330.646185646736,24406.537332272987,14832.98550418299,39239.52283645597,91.12334919076238
399.60005371093735,40779.72452818472,24407.971445904957,16492.30178077137,40900.27322667633,-120.54869849160605
399.7000537109375,41969.777857964196,24409.405559536935,17628.108865723836,42037.51442526077,-67.73656729657523
399.8000537109374,42269.321911190695,24410.83967316891,18032.59879592542,42443.438469094326,-174.11655790363147
399.9000537109375,41938.67635120107,24412.273786800888,17621.884027159715,42034.1578139606,-95.48146275952604
400.00005371093744,40863.64341977824,24413.707900432863,16481.10018840003,40894.80808883289,-31.16466905465495
400.10005371093735,39515.36616735013,24415.142014064837,14818.668515101668,39233.810529166505,281.55563818362134
400.2000537109375,37878.61433620363,24416.576127696815,12875.708102039993,37292.284229736804,586.3301064668267
400.3000537109374,35414.23308503156,24418.01024132879,10860.924701409878,35278.93494273867,135.29814229289332
400.4000537109375,33077.655408666506,24419.444354960768,8928.519488047965,33347.963843008736,-270.3084343422306
400.50005371093744,31138.95207555044,24420.87846859274,7179.813054265257,31600.691522857996,-461.73944730755466
400.60005371093735,30006.46414605007,24422.312582224713,5671.278704184388,30093.5912864091,-87.127140359029
400.7000537109375,28669.275608489672,24423.74669585669,4423.132640544389,28846.879336401078,-177.60372791140617
400.8000537109374,27285.997942176895,24425.180809488666,3428.045761007229,27853.226570495895,-567.2286283190006
400.9000537109375,26959.35632133932,24426.614923120644,2660.067754028094,27086.68267714874,-127.3263558094186
401.00005371093744,26563.48891499172,24428.049036752618,2083.1513772465337,26511.20041399915,52.288500992570334
401.10005371093735,25934.84784233004,24429.483150384593,1658.3560919761192,26087.83924236071,-152.99140003067077
401.2000537109375,25810.710782713926,24430.91726401657,1349.0590668741472,25779.976330890717,30.734451823209383
401.3000537109374,25810.89792151412,24432.351377648545,1124.0018007452375,25556.353178393783,254.54474312033562
401.4000537109375,25619.447235247277,24433.785491280523,958.4543565548851,25392.239847835408,227.2073874118687
401.50005371093744,25739.8654094929,24435.219604912498,834.0354861456528,25269.255091058152,470.6103184347485
401.60005371093735,25622.557275194376,24436.65371854447,737.7720711414994,25174.425789685967,448.13148550840924
401.7000537109375,25406.8421301804,24438.087832176447,660.8802340091809,25098.96806618563,307.87406399477186
401.8000537109374,25368.097562988434,24439.52194580842,597.5879035496049,25037.109849358025,330.9877136304094
401.9000537109375,25560.84126744179,24440.9560594404,544.1613499657509,24985.11740940615,575.7238580356388
402.00005371093744,25427.884829010625,24442.390173072374,498.1816580957006,24940.571831168076,487.3129978425495
402.10005371093735,25629.918349221392,24443.82428670435,458.0490654987171,24901.873352203067,728.0449970183254
402.2000537109375,25567.875230693775,24445.258400336326,422.66478934124626,24867.92318967757,699.952041016204
402.3000537109374,25224.207515160077,24446.6925139683,391.2369532441418,24837.92946721244,386.27804794763506
402.4000537109375,25106.690323105653,24448.12662760028,363.1664016153446,24811.293029215623,295.3972938900297
402.50005371093744,25008.389019316997,24449.56074123225,337.98067412937615,24787.541415361626,220.8476039553716
402.60005371093735,25297.370025434866,24450.994854864224,315.2955812743469,24766.29043613857,531.079589296296
402.7000537109375,25174.800740139966,24452.428968496202,294.7920750205479,24747.22104351675,427.57969662321557
402.8000537109374,24560.43296565913,24453.863082128177,276.2014971749252,24730.064579303104,-169.63161364397456
402.9000537109375,24887.303419281263,24455.297195760155,259.295494702808,24714.592690462963,172.71072881829969
403.00005371093744,24859.48049848501,24456.73130939213,243.87866462106936,24700.609974013198,158.87052447181122
403.10005371093735,24641.737242667197,24458.165423024104,229.78291709714722,24687.94834012125,-46.211097454051924
403.2000537109375,24794.955232093445,24459.599536656082,216.86301028480088,24676.462546940882,118.49268515256335
403.3000537109374,24413.114484035366,24461.033650288056,204.99294032157434,24666.026590609632,-252.91210657426564
403.4000537109375,24523.98734450159,24462.467763920034,194.0629857824477,24656.53074970248,-132.54340520088954
403.50005371093744,24023.80124264954,24463.90187755201,183.97726791124612,24647.879145463256,-624.0779028137149
403.60005371093735,24753.442166957084,24465.33599118398,174.65172443004053,24639.98771561402,113.45445134306283
403.7000537109375,24957.240675889403,24466.770104815958,166.0124184879589,24632.78252330392,324.45815258548464
403.8000537109374,24508.02758750667,24468.204218447932,157.9941211200178,24626.19833956795,-118.17075206127993
403.9000537109375,24506.919275891065,24469.63833207991,150.5391181396706,24620.17745021958,-113.25817432851545
404.00005371093744,24729.71425997952,24471.072445711885,143.59620205673198,24614.668647768616,115.04561221090262
404.10005371093735,24691.798972792894,24472.50655934386,137.1198171834756,24609.626376527336,82.17259626555824
404.2000537109375,25067.34783658448,24473.940672975838,131.06933208253713,24605.010005058375,462.3378315261034
404.3000537109374,25004.288566242052,24475.374786607812,125.40841827925986,24600.783204887073,403.50536135497896
404.4000537109375,24862.458747340905,24476.80890023979,120.10451797900357,24596.913418218795,265.54532912210925
404.50005371093744,24543.874041723222,24478.24301387176,115.12838660029102,24593.371400472053,-49.497358748831175
404.60005371093735,24527.943556330323,24479.677127503735,110.45369841300938,24590.130825916745,-62.18726958642219
404.7000537109375,24465.623488832574,24481.111241135713,106.05670558168671,24587.1679467174,-121.54445788482553
404.8000537109374,24702.441850794683,24482.545354767688,101.91594254967131,24584.46129731736,117.98055347732225
404.9000537109375,24704.430357824003,24483.979468399666,98.01196903711795,24581.991437436784,122.4389203872197
405.00005371093744,24759.674382160978,24485.41358203164,94.32714602254622,24579.74072805419,179.93365410678962
405.10005371093735,24939.838659217352,24486.847695663615,90.84543997973077,24577.693135643345,362.1455235740068
405.2000537109375,24931.91277948869,24488.281809295593,87.55225138760083,24575.834060683195,356.07871880549646
405.3000537109374,24991.591407721455,24489.715922927568,84.43426414819552,24574.150187075764,417.4412206456909
405.4000537109375,24755.377174974386,24491.150036559546,81.47931306130144,24572.629349620845,182.74782535354097
405.50005371093744,24872.949956646957,24492.58415019152,78.6762669329359,24571.260417124457,301.6895395225001
405.60005371093735,24563.714772018597,24494.01826382349,76.01492525273146,24570.03318907622,-6.318417057624174
405.7000537109375,24632.271565141564,24495.45237745547,73.48592667627507,24568.938304131745,63.33326100981867
405.8000537109374,24669.94481976961,24496.886491087444,71.08066780114876,24567.967158888594,101.97766088101707
405.9000537109375,24538.117557198344,24498.32060471942,68.79123093887291,24567.111835658296,-28.9942784599516
406.00005371093744,24501.997002302047,24499.754718351396,66.6103197657145,24566.36503811711,-64.3680358150632
406.10005371093735,24822.426196449836,24501.18883198337,64.53120188819784,24565.72003387157,256.70616257826623
406.2000537109375,24563.52860043534,24502.62294561535,62.54765748972358,24565.17060310507,-1.642002669730573
406.3000537109374,24916.311322871967,24504.057059247323,60.653933335570315,24564.71099258289,351.6003302890749
406.4000537109375,24704.16579486488,24505.4911728793,58.844701508486494,24564.335874387787,139.82992047709195
406.50005371093744,24321.456456691558,24506.925286511272,57.115022328531396,24564.040308839805,-242.5838521482474
406.60005371093735,24445.567742429088,24508.359400143247,55.460310980389835,24563.819711123637,-118.25196869454885
406.7000537109375,24639.99848643099,24509.793513775225,53.87630743168215,24563.669821206906,76.32866522408585
406.8000537109374,24458.907533890193,24511.2276274072,52.35904927743181,24563.58667668463,-104.67914279443721
406.9000537109375,24576.334513442245,24512.661741039177,50.904847190619925,24563.566588229798,12.767925212447153
407.00005371093744,24822.606800095586,24514.09585467115,49.51026269762552,24563.606117368778,259.000682726808
407.10005371093735,24646.982217151308,24515.529968303126,48.17208803077903,24563.702056333907,83.28016081740134
407.2000537109375,24987.259095237303,24516.964081935104,46.88732783966883,24563.851409774772,423.40768546253094
407.3000537109374,24686.976634110266,24518.39819556708,45.65318256817025,24564.05137813525,122.92525597501663
407.4000537109375,24755.73009877777,24519.832309199057,44.467033326382335,24564.29934252544,191.43075625233178
407.50005371093744,24677.825549233432,24521.26642283103,43.3264281061634,24564.592850937195,113.23269829623678
407.60005371093735,24417.472085862664,24522.700536463002,42.229069205795426,24564.929605668796,-147.45751980613204
407.7000537109375,24407.00050450507,24524.13465009498,41.17280174436503,24565.307451839344,-158.306947334273
407.8000537109374,24077.088802712944,24525.568763726955,40.15560315944438,24565.7243668864,-488.63556417345535
407.9000537109375,24425.663293807993,24527.002877358933,39.175573593184986,24566.178450952117,-140.5151571441238
408.00005371093744,24260.44251768399,24528.436990990907,38.23092708217182,24566.66791807308,-306.22540038908846
408.10005371093735,24415.426413720128,24529.871104622882,37.31998347522043,24567.1910880981,-151.76467437797328
408.2000537109375,24540.593693747178,24531.30521825486,36.44116101135034,24567.74637926621,-27.152685519031365
408.3000537109374,24519.966682060494,24532.739331886834,35.59296949710069,24568.332301383936,-48.36561932344193
408.4000537109375,24486.310383755044,24534.173445518813,34.77400402858044,24568.94744954739,-82.63706579234713
408.50005371093744,24336.142647057048,24535.607559150783,33.98293920923299,24569.590498360016,-233.44785130296805
408.60005371093735,24070.3598363376,24537.041672782758,33.218523819097975,24570.260196601856,-499.90036026425514
408.7000537109375,24648.983007221013,24538.475786414736,32.47957589582878,24570.955362310564,78.02764491044945
408.8000537109374,24511.829979242968,24539.90990004671,31.7649781915515,24571.67487823826,-59.84489899529217
408.9000537109375,24359.48015817076,24541.34401367869,31.073673973133804,24572.41768765182,-212.93752948105976
409.00005371093744,24788.025331889647,24542.778127310663,30.40466313659504,24573.18279044726,214.8425414423873
409.10005371093735,24554.88055890884,24544.212240942637,29.756998609079933,24573.969239551716,-19.08868064287526
409.2000537109375,24248.69502528484,24545.646354574616,29.129783014397777,24574.776137589015,-326.0811123041749
409.3000537109374,24503.633421981256,24547.08046820659,28.52216558030588,24575.602633786897,-71.96921180564095
409.4000537109375,24310.924393804587,24548.514581838568,27.93333926772582,24576.447921106294,-265.52352730170605
409.50005371093744,24268.998485321426,24549.948695470543,27.362538103932373,24577.311233574474,-308.3127482530472
409.60005371093735,24465.644973163828,24551.382809102513,26.809034703301243,24578.191843805816,-112.54687064198879
409.7000537109375,24545.086734068253,24552.81692273449,26.27213796073975,24579.08906069523,-34.002326626978174
409.8000537109374,24665.087703746674,24554.251036366466,25.751190904194207,24580.00222727066,85.08547647601517
409.9000537109375,24428.38752541908,24555.685149998444,25.245568693821777,24580.930718692267,-152.54319327318808
410.00005371093744,24557.11926363042,24557.11926363042,24.754676756531122,24581.87394038695,-24.754676756532717
