binding_energy_eV,intensity
-9.9999462890625637,0
-8.9999462890625637,2.1665633933570629
-7.9999462890625637,7.2127009203919554
-6.9999462890625637,5.6443108929416637
-5.9999462890625637,2.9724784296226963
-4.9999462890625637,2.578349965315585
-3.9999462890625637,5.4004345731454437
-2.9999462890625637,3.1721134660658894
-1.9999462890625637,4.8032689029355247
-0.99994628906256366,6.9548765989403272
5.3710937436335371e-05,9.2538887655599904
1.0000537109374363,15.112880594245244
2.0000537109374363,55.727820076407667
3.0000537109374363,130.1449519066141
4.0000537109374363,334.2639463605646
5.0000537109374363,594.59605390144338
6.0000537109374363,540.97405650559188
7.0000537109374363,499.48258163550071
8.0000537109374363,515.29860662841827
9.0000537109374363,550.79019202088068
10.000053710937436,579.57868196562845
11.000053710937436,467.09315398319563
12.000053710937436,466.23922396346643
13.000053710937436,514.41064989312247
14.000053710937436,569.05329337939781
15.000053710937436,606.98318647184828
16.000053710937436,752.40723846550247
17.000053710937436,746.72783268487842
18.000053710937436,729.28979909168891
19.000053710937436,767.58849551893684
20.000053710937436,842.66095284863923
21.000053710937436,668.94713373526406
22.000053710937436,689.82721525701447
23.000053710937436,716.11795790977021
24.000053710937436,784.20169565040555
25.000053710937436,832.34519973655335
26.000053710937436,873.45775554099714
27.000053710937436,880.34612978031646
28.000053710937436,870.30910410366778
29.000053710937436,728.24377205606459
30.000053710937436,686.04769676871558
31.000053710937436,602.67121023367872
32.000053710937436,676.75309968338581
33.000053710937436,576.70543458874783
34.000053710937436,585.35088080581374
35.000053710937436,613.82269685928497
36.000053710937436,600.91258886827677
37.000053710937436,585.2155874096012
38.000053710937436,576.5861727675051
39.000053710937436,603.05313708365861
40.000053710937436,613.79660095604584
41.000053710937436,611.22941540805289
42.000053710937436,642.95063410592377
43.000053710937436,698.33138280360208
44.000053710937436,645.00199374949193
45.000053710937436,616.1756279971064
46.000053710937436,619.34532314575677
47.000053710937436,640.28483189986855
48.000053710937436,632.79972231197371
49.000053710937436,635.3845521854729
50.000053710937436,668.99970103700059
51.000053710937436,644.39638765216546
52.000053710937436,697.61896629897547
53.000053710937436,628.41178180396912
54.000053710937436,598.39668640530329
55.000053710937436,597.25815297605266
56.000053710937436,613.72149806665959
57.000053710937436,592.47720274552853
58.000053710937436,590.9108094834271
59.000053710937436,661.48025113139249
60.000053710937436,647.07009881560566
61.000053710937436,632.58216682998921
62.000053710937436,586.37118868318657
63.000053710937436,595.05643953911738
64.000053710937436,609.63582053711752
65.000053710937436,618.11663372259602
66.000053710937436,591.75154577212436
67.000053710937436,587.76276405672274
68.000053710937436,580.49003261889243
69.000053710937436,581.40943838265321
70.000053710937436,618.46148458472464
71.000053710937436,553.95450743151889
72.000053710937436,573.7823847329189
73.000053710937436,621.55772492358096
74.000053710937436,589.08591409075416
75.000053710937436,599.53216552059985
76.000053710937436,576.19219150398237
77.000053710937436,632.27002340997012
78.000053710937436,639.59029798506981
79.000053710937436,591.58214007879133
80.000053710937436,570.77837466986966
81.000053710937436,568.71689677334291
82.000053710937436,577.07714959934276
83.000053710937436,580.51644811307926
84.000053710937436,542.86458672618585
85.000053710937436,535.8719259700614
86.000053710937436,572.92896163614932
87.000053710937436,569.67460421202873
88.000053710937436,570.65188218893468
89.000053710937436,559.42942673396271
90.000053710937436,516.9270582178392
91.000053710937436,559.21483093643167
92.000053710937436,575.95754446581429
93.000053710937436,568.48731382068968
94.000053710937436,612.3239242429961
95.000053710937436,554.33487946415119
96.000053710937436,519.37517089093592
97.000053710937436,534.75262262443982
98.000053710937436,507.0837817200225
99.000053710937436,575.32101405472304
100.00005371093744,545.617785526597
101.00005371093744,605.71369673922777
102.00005371093744,648.30350023239998
103.00005371093744,626.66089770494239
104.00005371093744,596.85496974060698
105.00005371093744,550.74801906075515
106.00005371093744,530.66975393339135
107.00005371093744,562.14811611611174
108.00005371093744,526.38875344443602
109.00005371093744,535.86719421541625
110.00005371093744,526.79932584334676
111.00005371093744,536.8002571639762
112.00005371093744,558.96473335748033
113.00005371093744,548.95159477498316
114.00005371093744,501.83568713284717
115.00005371093744,517.51263324757258
116.00005371093744,554.42707731579094
117.00005371093744,574.48702631737922
118.00005371093744,529.27082075152407
119.00005371093744,505.60097592149435
120.00005371093744,520.44493790003344
121.00005371093744,529.19950396166143
122.00005371093744,545.88129666450311
123.00005371093744,536.15290572617801
124.00005371093744,538.08816255682564
125.00005371093744,527.82194221867769
126.00005371093744,481.05671221701243
127.00005371093744,458.03384623007469
128.00005371093744,504.0209316767407
129.00005371093744,516.25184775108937
130.00005371093744,480.40102219884295
131.00005371093744,499.79835546872323
132.00005371093744,538.40879637846433
133.00005371093744,510.63303532260181
134.00005371093744,562.98493738103605
135.00005371093744,490.24432063366442
136.00005371093744,568.61740776420584
137.00005371093744,502.64372925857083
138.00005371093744,561.70575471071913
139.00005371093744,493.60542154689585
140.00005371093744,509.55684208107743
141.00005371093744,495.02915092180143
142.00005371093744,507.72441121288728
143.00005371093744,509.89257444863915
144.00005371093744,514.33788527479464
145.00005371093744,527.35658379660117
146.00005371093744,486.05119165680117
147.00005371093744,511.34653204827191
148.00005371093744,517.07249898260466
149.00005371093744,512.77940069312217
150.00005371093744,547.3459285672277
151.00005371093744,540.71012054752498
152.00005371093744,523.78694904063855
153.00005371093744,585.17791734311936
154.00005371093744,570.57478939978273
155.00005371093744,574.73183807629346
156.00005371093744,521.89824619925469
157.00005371093744,487.22704926428304
158.00005371093744,504.45407871298528
159.00005371093744,533.85225367397504
160.00005371093744,516.06343898344676
161.00005371093744,475.58738758303889
162.00005371093744,477.15891263216429
163.00005371093744,540.17996463208556
164.00005371093744,496.29811032757806
165.00005371093744,528.38007926325429
166.00005371093744,521.17645068209561
167.00005371093744,493.86162511140861
168.00005371093744,537.23506609824858
169.00005371093744,513.75022801933437
170.00005371093744,514.49521636447184
171.00005371093744,474.35788831620107
172.00005371093744,508.02124192234231
173.00005371093744,490.11097851952366
174.00005371093744,503.18085398703471
175.00005371093744,459.91565384276998
176.00005371093744,494.50215016960232
177.00005371093744,483.113015088282
178.00005371093744,485.97882039428123
179.00005371093744,484.64666199892639
180.00005371093744,471.87511045795191
181.00005371093744,469.12679028578231
182.00005371093744,504.95315003012684
183.00005371093744,525.59686223448637
184.00005371093744,509.56050756797009
185.00005371093744,508.76111580954131
186.00005371093744,523.14540975063994
187.00005371093744,492.20456682810948
188.00005371093744,571.48371103381635
189.00005371093744,520.20514752440181
190.00005371093744,508.28811595667901
191.00005371093744,518.12350219750942
192.00005371093744,480.37190997535072
193.00005371093744,519.65987497773449
194.00005371093744,534.83702710108605
195.00005371093744,632.13539844468357
196.00005371093744,584.14971720930521
197.00005371093744,681.03124601448826
198.00005371093744,818.5410574836485
199.00005371093744,2775.2812801112755
200.00005371093744,10040.497406669443
201.00005371093744,8009.9155969269968
202.00005371093744,6112.3257529146631
203.00005371093744,2348.0328710952244
204.00005371093744,1292.0092476257871
205.00005371093744,1263.2837429003969
206.00005371093744,1327.0145214428246
207.00005371093744,1338.7358350282977
208.00005371093744,1261.6435140858257
209.00005371093744,1172.0131585614361
210.00005371093744,1159.8203917714079
211.00005371093744,1134.217689178992
212.00005371093744,1278.7463368237197
213.00005371093744,1302.0225283039545
214.00005371093744,1357.1683406067762
215.00005371093744,1413.8216812518003
216.00005371093744,1430.6595192622231
217.00005371093744,1602.7307048577359
218.00005371093744,1630.9014910725439
219.00005371093744,1808.5691527280312
220.00005371093744,1952.8372725784818
221.00005371093744,1955.3001451773141
222.00005371093744,2112.0658409528255
223.00005371093744,2154.270754106627
224.00005371093744,2160.9376336573009
225.00005371093744,2125.0915219864146
226.00005371093744,2224.9081899981256
227.00005371093744,2137.5903622532537
228.00005371093744,2144.6219638145803
229.00005371093744,2041.3605965935087
230.00005371093744,1973.0849494106419
231.00005371093744,1996.4839982051835
232.00005371093744,1998.5767904606801
233.00005371093744,1847.4632613239321
234.00005371093744,1873.8263798580954
235.00005371093744,1902.2298812846509
236.00005371093744,1848.980978658105
237.00005371093744,1774.6889867854459
238.00005371093744,1819.6006549339506
239.00005371093744,1811.157552104685
240.00005371093744,1888.5227293004325
241.00005371093744,1917.6519398042481
242.00005371093744,1771.2798878922565
243.00005371093744,1825.4821793229805
244.00005371093744,1964.9111998137296
245.00005371093744,1871.44726761011
246.00005371093744,1856.9738205500307
247.00005371093744,1924.8728163760022
248.00005371093744,1872.5970784757512
249.00005371093744,1844.2933236444567
250.00005371093744,1907.6445723102051
251.00005371093744,1945.0184954978533
252.00005371093744,1987.8059385233805
253.00005371093744,1947.5762766635933
254.00005371093744,1915.3672498768397
255.00005371093744,1847.933311227936
256.00005371093744,1919.794007200949
257.00005371093744,1851.1064278510953
258.00005371093744,1950.6216155024304
259.00005371093744,1941.6589319358502
260.00005371093744,1901.8920407678863
261.00005371093744,1894.3451039027657
262.00005371093744,2000.6821981621281
263.00005371093744,1968.2565380317417
264.00005371093744,2027.7910479315913
265.00005371093744,2131.277496918779
266.00005371093744,2096.298086345555
267.00005371093744,2348.7520608857672
268.00005371093744,2516.6462823395295
269.00005371093744,3038.2211693010568
270.00005371093744,4747.7402287946206
271.00005371093744,6727.9640016438079
272.00005371093744,5677.8915356724001
273.00005371093744,3811.1321533554601
274.00005371093744,2920.9049056067215
275.00005371093744,2687.5724140936454
276.00005371093744,2520.4665567657139
277.00005371093744,2566.7032991036035
278.00005371093744,2478.8369962853453
279.00005371093744,2467.3826774219119
280.00005371093744,2534.2339781139212
281.00005371093744,2743.6734909332076
282.00005371093744,3267.6610552572415
283.00005371093744,6209.6330005518857
284.00005371093744,25614.618394659479
285.00005371093744,38643.912235090946
286.00005371093744,20063.98698923353
287.00005371093744,9689.4597606149764
288.00005371093744,11444.230850379286
289.00005371093744,10011.494563960148
290.00005371093744,8060.1620578873908
291.00005371093744,7333.7065492231022
292.00005371093744,6947.7794651148897
293.00005371093744,6172.2515540494178
294.00005371093744,6035.5517764578508
295.00005371093744,5967.3360903820922
296.00005371093744,6075.7348537599855
297.00005371093744,6064.7730871092499
298.00005371093744,6107.6840072163532
299.00005371093744,6345.0009271749377
300.00005371093744,6514.8864063581377
301.00005371093744,6631.992921421459
302.00005371093744,6895.5798054719407
303.00005371093744,7203.8962284019699
304.00005371093744,7752.8648725489365
305.00005371093744,7814.7169997291121
306.00005371093744,8201.3616068527117
307.00005371093744,8255.9291590487283
308.00005371093744,8564.7641460769355
309.00005371093744,8281.1803931763534
310.00005371093744,8553.7193322979219
311.00005371093744,8595.8072944409978
312.00005371093744,8640.7411808570087
313.00005371093744,8575.8732889457042
314.00005371093744,8651.3745381264926
315.00005371093744,8314.5176920706672
316.00005371093744,8327.7458479156376
317.00005371093744,8281.9438207752901
318.00005371093744,8227.3903428259237
319.00005371093744,8189.1096079863937
320.00005371093744,7986.7223901187126
321.00005371093744,8031.3794292606372
322.00005371093744,7846.8417380947894
323.00005371093744,8072.8412140770652
324.00005371093744,7929.7551690720493
325.00005371093744,8075.8026774487735
326.00005371093744,7888.601675243337
327.00005371093744,7766.5188252548151
328.00005371093744,7856.6397989986699
329.00005371093744,7906.5833453700234
330.00005371093744,7790.1161232054501
331.00005371093744,7991.2523276770453
332.00005371093744,7872.0463745040997
333.00005371093744,7948.9467894009294
334.00005371093744,7970.5105100960118
335.00005371093744,7887.6486798732249
336.00005371093744,7935.0947510764363
337.00005371093744,7957.9069528954979
338.00005371093744,8002.0503611922268
339.00005371093744,8011.6102037099654
340.00005371093744,7970.7226069657172
341.00005371093744,7942.1088892478037
342.00005371093744,8116.3172148929298
343.00005371093744,7817.7465855857654
344.00005371093744,7776.2055356119336
345.00005371093744,7841.53315842338
346.00005371093744,7779.4607097398066
347.00005371093744,7747.4083950062777
348.00005371093744,7725.3673205630121
349.00005371093744,7573.935578423605
350.00005371093744,7722.9432248310968
351.00005371093744,7693.9241861998571
352.00005371093744,7467.7751893151171
353.00005371093744,7489.9037821686725
354.00005371093744,7658.23724185635
355.00005371093744,7395.9878179880006
356.00005371093744,7545.1343489889168
357.00005371093744,7658.4529267561911
358.00005371093744,7550.6560242234618
359.00005371093744,7578.3650194444144
360.00005371093744,7552.0645891307722
361.00005371093744,7383.365499046582
362.00005371093744,7565.3868122017248
363.00005371093744,7539.0316262248243
364.00005371093744,7594.8143128737911
365.00005371093744,7382.2190826447395
366.00005371093744,7440.7960420864847
367.00005371093744,7373.9118533413121
368.00005371093744,7314.8569196336875
369.00005371093744,7342.5140306919275
370.00005371093744,7297.9178984046812
371.00005371093744,7389.2520479083023
372.00005371093744,7451.0555142296444
373.00005371093744,7269.1896051211197
374.00005371093744,7421.3944936440857
375.00005371093744,7271.2546193694479
376.00005371093744,7349.8000105862657
377.00005371093744,7188.8690672968978
378.00005371093744,7085.458939844053
379.00005371093744,7410.2006410573422
380.00005371093744,7279.0953588526945
381.00005371093744,7187.9560851657589
382.00005371093744,7138.0878867277197
383.00005371093744,7250.6663403682614
384.00005371093744,7234.7793158133782
385.00005371093744,7162.6899584836583
386.00005371093744,7233.3192841387236
387.00005371093744,7255.5734276174226
388.00005371093744,7149.9823997735202
389.00005371093744,6986.7426063623752
390.00005371093744,7057.0944987814228
391.00005371093744,7143.694638959133
392.00005371093744,7094.8967319966332
393.00005371093744,7085.9870459169424
394.00005371093744,6996.3769827652013
395.00005371093744,7035.1869283576762
396.00005371093744,7156.1258362535491
397.00005371093744,7214.2802143266726
398.00005371093744,7293.2783826886889
399.00005371093744,8323.706737905768
400.00005371093744,10785.246458036438
401.00005371093744,9030.7287116038278
402.00005371093744,7521.3091947288003
403.00005371093744,7262.7393165003259
404.00005371093744,7135.9430996447454
405.00005371093744,7130.8738515591103
406.00005371093744,7107.0745855092846
407.00005371093744,7143.1875558420879
408.00005371093744,7006.2820900103579
409.00005371093744,6987.993263505281
410.00005371093744,7129.436887845457
411.00005371093744,7030.4626066045457
412.00005371093744,7123.5378353308643
413.00005371093744,7060.1512181772687
414.00005371093744,7007.4927213370092
415.00005371093744,7007.8550575087938
416.00005371093744,7121.1234658854291
417.00005371093744,6942.0829366397138
418.00005371093744,7019.4039326873926
419.00005371093744,7264.5708558211127
420.00005371093744,7038.4329607535647
421.00005371093744,7066.8765209339435
422.00005371093744,7155.5635110253543
423.00005371093744,6990.2902909820623
424.00005371093744,7056.3609816150401
425.00005371093744,7172.0795830379457
426.00005371093744,7124.4067756081722
427.00005371093744,7061.8303145279606
428.00005371093744,7154.5688944431604
429.00005371093744,7114.4178176066152
430.00005371093744,6960.4633217161627
431.00005371093744,7036.4014438732147
432.00005371093744,7090.8494369653781
433.00005371093744,7022.119342514563
434.00005371093744,6965.4360680227874
435.00005371093744,6897.9789137435118
436.00005371093744,7077.1065508505826
437.00005371093744,6953.5461162547463
438.00005371093744,6890.782874360978
439.00005371093744,7052.9448594784662
440.00005371093744,6941.8753959281021
441.00005371093744,6990.7091112814014
442.00005371093744,6822.9505162913456
443.00005371093744,6873.4886914751833
444.00005371093744,7088.9627538079085
445.00005371093744,7060.5879621867352
446.00005371093744,6820.2518205841652
447.00005371093744,6990.5197054761175
448.00005371093744,6868.5294866111853
449.00005371093744,6876.34908773199
450.00005371093744,6738.4731374812909
451.00005371093744,6799.1632521219144
452.00005371093744,6859.2807103430096
453.00005371093744,6817.7488471469669
454.00005371093744,6635.347385414746
455.00005371093744,6784.6448865221264
456.00005371093744,6731.2075619444759
457.00005371093744,6840.2672147246376
458.00005371093744,6605.4689612148804
459.00005371093744,6921.3556305137481
460.00005371093744,6864.3116052908763
461.00005371093744,6722.9328300512234
462.00005371093744,6735.306104568278
463.00005371093744,6636.6756287080998
464.00005371093744,6790.95299232873
465.00005371093744,6834.4427296031081
466.00005371093744,6669.4299134582152
467.00005371093744,6696.8062768078908
468.00005371093744,6808.0212186105518
469.00005371093744,6637.6147563656223
470.00005371093744,6621.7761297505085
471.00005371093744,6578.1715507160579
472.00005371093744,6493.8799967268042
473.00005371093744,6565.3671829460309
474.00005371093744,6555.2859679082694
475.00005371093744,6617.4401985014729
476.00005371093744,6653.9783242724588
477.00005371093744,6722.1719248469008
478.00005371093744,6626.2875286704721
479.00005371093744,6517.5180513329478
480.00005371093744,6390.7362731010135
481.00005371093744,6666.9728955819537
482.00005371093744,6557.9950436013905
483.00005371093744,6553.6047806081224
484.00005371093744,6677.8451694334062
485.00005371093744,6545.0964570724655
486.00005371093744,6485.7838059420255
487.00005371093744,6544.3149950715942
488.00005371093744,6508.8355559518677
489.00005371093744,6585.3253783824002
490.00005371093744,6620.8848260891264
491.00005371093744,6474.3403811870703
492.00005371093744,6461.2097818798275
493.00005371093744,6492.8711883676278
494.00005371093744,6369.9876728962454
495.00005371093744,6409.3309719572899
496.00005371093744,6426.8181080376626
497.00005371093744,6367.7563529922199
498.00005371093744,6219.6276596629987
499.00005371093744,6405.1913191977756
500.00005371093744,6415.3670096522219
501.00005371093744,6277.6756634247386
502.00005371093744,6404.4088246438587
503.00005371093744,6352.5044673494003
504.00005371093744,6323.9517132325291
505.00005371093744,6207.4749335537808
506.00005371093744,6453.8388931933032
507.00005371093744,6448.5484482451266
508.00005371093744,6293.7022487989489
509.00005371093744,6323.3083094861649
510.00005371093744,6227.4690975871172
511.00005371093744,6393.1897909581849
512.00005371093744,6292.9471713627145
513.00005371093744,6348.1831284932723
514.00005371093744,6267.9192152511932
515.00005371093744,6214.480702912957
516.00005371093744,6157.801021000254
517.00005371093744,6403.2830293569486
518.00005371093744,6121.2571856014347
519.00005371093744,6242.4486456484055
520.00005371093744,6148.1275235480261
521.00005371093744,6302.8418931388815
522.00005371093744,6301.8812069033665
523.00005371093744,6240.2717465678306
524.00005371093744,6319.0994103384373
525.00005371093744,6343.9611618994077
526.00005371093744,6342.033372278871
527.00005371093744,6269.8986337926744
528.00005371093744,6508.6757946787966
529.00005371093744,6875.0464228742485
530.00005371093744,9594.8857568280455
531.00005371093744,18813.225309914811
532.00005371093744,19259.035872302349
533.00005371093744,15702.796811776534
534.00005371093744,11130.920850255563
535.00005371093744,8157.7632576092337
536.00005371093744,7857.2627870497281
537.00005371093744,7992.8810026197443
538.00005371093744,7949.6915492492253
539.00005371093744,7629.4502016736933
540.00005371093744,7521.9550051876067
541.00005371093744,7181.2832310271915
542.00005371093744,7281.2976503657292
543.00005371093744,7525.9966793349176
544.00005371093744,7621.1545783462416
545.00005371093744,7862.6354155902345
546.00005371093744,7984.754322448066
547.00005371093744,8023.7506262203415
548.00005371093744,7935.5451353690678
549.00005371093744,8029.2459339854931
550.00005371093744,8060.7051605398119
551.00005371093744,8145.0225066994954
552.00005371093744,8434.8485193574925
553.00005371093744,8455.0717781186613
554.00005371093744,8630.9417614799022
555.00005371093744,8644.7094853313756
556.00005371093744,8590.9353054622188
557.00005371093744,8752.1908739818355
558.00005371093744,8695.7594199494215
559.00005371093744,8579.409725403284
560.00005371093744,8507.7597865610514
561.00005371093744,8659.1436533572905
562.00005371093744,8452.5608319503172
563.00005371093744,8367.4111861114488
564.00005371093744,8192.977625876958
565.00005371093744,8211.843155651537
566.00005371093744,8232.0441996803365
567.00005371093744,8173.825818006414
568.00005371093744,8003.4779303897576
569.00005371093744,8190.0126997683374
570.00005371093744,8211.5619453565287
571.00005371093744,8150.3548905211119
572.00005371093744,8242.5915689045087
573.00005371093744,8361.2146761059339
574.00005371093744,8308.6620617974404
575.00005371093744,8279.3691558420833
576.00005371093744,8343.4844237234847
577.00005371093744,8239.5610518401318
578.00005371093744,8228.6414509777951
579.00005371093744,8252.7348942510598
580.00005371093744,8222.4810157881875
581.00005371093744,8217.6696229844238
582.00005371093744,8168.7072149608111
583.00005371093744,8170.8031110066513
584.00005371093744,8191.5596391876634
585.00005371093744,8144.5210825861413
586.00005371093744,8123.6963267577257
587.00005371093744,8153.9874934012223
588.00005371093744,8124.2121972152836
589.00005371093744,7899.680757823262
590.00005371093744,7928.1527681977414
591.00005371093744,8276.1970935622503
592.00005371093744,8008.2622881102834
593.00005371093744,8004.1729940707964
594.00005371093744,8173.6107366746828
595.00005371093744,8093.7173603796828
596.00005371093744,8019.7332594282225
597.00005371093744,8026.5970897371126
598.00005371093744,7924.3046590195581
599.00005371093744,7794.4241342999094
600.00005371093744,7909.0574908308527
601.00005371093744,7976.9687271190451
602.00005371093744,7936.8315595518388
603.00005371093744,7876.9183926495989
604.00005371093744,7871.9559968978565
605.00005371093744,8065.797582287546
606.00005371093744,7900.7667781205646
607.00005371093744,7895.2810684876977
608.00005371093744,7974.5432382058871
609.00005371093744,7946.0731072922663
610.00005371093744,7897.8142534317476
611.00005371093744,7819.0959214897566
612.00005371093744,7831.0482212733577
613.00005371093744,7791.3112213318009
614.00005371093744,7916.69131165624
615.00005371093744,7783.6581123608448
616.00005371093744,7762.0269262038983
617.00005371093744,7894.4360220726567
618.00005371093744,7840.5356871698687
619.00005371093744,7791.9256555072398
620.00005371093744,7818.9477923751847
621.00005371093744,7731.0415716935813
622.00005371093744,7735.1894442838002
623.00005371093744,7727.1250394787767
624.00005371093744,7767.9634800725889
625.00005371093744,7745.3983559841781
626.00005371093744,7569.221747510438
627.00005371093744,7756.5468277382943
628.00005371093744,7743.4023337912122
629.00005371093744,7596.2762073360673
630.00005371093744,7549.7741390927131
631.00005371093744,7460.3253306539236
632.00005371093744,7470.5247379024622
633.00005371093744,7538.6075930408915
634.00005371093744,7687.3356601477935
635.00005371093744,7634.7795858725394
636.00005371093744,7715.401541710432
637.00005371093744,7718.4498257941596
638.00005371093744,7471.3152479490836
639.00005371093744,7484.3201942110745
640.00005371093744,7693.6341573497048
641.00005371093744,7431.0096593220378
642.00005371093744,7573.1753861806847
643.00005371093744,7488.8589446175874
644.00005371093744,7492.5600763168186
645.00005371093744,7485.3475846893043
646.00005371093744,7456.377247295618
647.00005371093744,7470.8850330009791
648.00005371093744,7635.8009437002129
649.00005371093744,7357.5488761299957
650.00005371093744,7436.6529548081908
651.00005371093744,7384.7479721597974
652.00005371093744,7472.8148924736461
653.00005371093744,7391.6314879478596
654.00005371093744,7249.9048561573827
655.00005371093744,7456.9407227439615
656.00005371093744,7360.7801200178656
657.00005371093744,7395.3329651833074
658.00005371093744,7277.8680536283709
659.00005371093744,7370.8898474837742
660.00005371093744,7378.3027004960986
661.00005371093744,7348.5194121196992
662.00005371093744,7215.8013932393942
663.00005371093744,7278.5367889065292
664.00005371093744,7267.6075970029769
665.00005371093744,7240.6956524430325
666.00005371093744,7289.9495686943237
667.00005371093744,7120.6557721668059
668.00005371093744,7194.3969894328093
669.00005371093744,7211.8037461104186
670.00005371093744,7321.0770834531104
671.00005371093744,7251.3522535125257
672.00005371093744,7172.9528613489656
673.00005371093744,7000.6647340247209
674.00005371093744,7146.7404161738632
675.00005371093744,7146.4918951374657
676.00005371093744,7150.5183297779713
677.00005371093744,7180.7082804065267
678.00005371093744,7247.2742816111067
679.00005371093744,7192.1440967960589
680.00005371093744,7127.9938032229065
681.00005371093744,7141.6398964460695
682.00005371093744,7080.02628454968
683.00005371093744,7064.2761245269048
684.00005371093744,7059.6969708999995
685.00005371093744,7017.2370219594613
686.00005371093744,6907.1857100801208
687.00005371093744,7057.3398579975992
688.00005371093744,7023.6066241170747
689.00005371093744,7134.5439083332458
690.00005371093744,7130.5476846526062
691.00005371093744,7026.7092666736826
692.00005371093744,7099.8353152215414
693.00005371093744,6941.8896484096258
694.00005371093744,6903.3109957776951
695.00005371093744,7021.370936681139
696.00005371093744,7072.172093511047
697.00005371093744,6845.7802031844667
698.00005371093744,6974.762256052144
699.00005371093744,6817.2465731310713
700.00005371093744,6909.5338669204584
701.00005371093744,6986.6999661066457
702.00005371093744,6819.5271547392667
703.00005371093744,6885.9921356454379
704.00005371093744,6749.1466750384798
705.00005371093744,6586.5867675097334
706.00005371093744,6982.5876136724573
707.00005371093744,6935.9125221182903
708.00005371093744,6798.5809347480745
709.00005371093744,6999.3361836289223
710.00005371093744,6629.889388758822
711.00005371093744,6756.1234167010871
712.00005371093744,6710.4562545697099
713.00005371093744,6825.4802693957072
714.00005371093744,6702.8748941560407
715.00005371093744,6699.5030946746929
716.00005371093744,6776.9687955316767
717.00005371093744,6919.4881606403442
718.00005371093744,6818.932629961454
719.00005371093744,6740.2052236097206
720.00005371093744,6608.3858680195162
721.00005371093744,6786.6915180574124
722.00005371093744,6673.3752293056123
723.00005371093744,6573.0870173712356
724.00005371093744,6558.5214712689094
725.00005371093744,6767.7150193735652
726.00005371093744,6697.8304318975024
727.00005371093744,6472.4088307483216
728.00005371093744,6574.6928990238539
729.00005371093744,6594.6609013211719
730.00005371093744,6620.8185285310856
731.00005371093744,6612.1154549283183
732.00005371093744,6589.8631859404813
733.00005371093744,6587.8040505653698
734.00005371093744,6529.9180365615539
735.00005371093744,6492.1864435747157
736.00005371093744,6512.3112685048318
737.00005371093744,6456.2693788960833
738.00005371093744,6484.5393115675261
739.00005371093744,6429.7986369557202
740.00005371093744,6544.7076012930256
741.00005371093744,6508.2259919095932
742.00005371093744,6522.3651492193567
743.00005371093744,6610.108406631236
744.00005371093744,6471.2307144833831
745.00005371093744,6436.3896528294717
746.00005371093744,6387.2562056371517
747.00005371093744,6261.711414742892
748.00005371093744,6526.348326031025
749.00005371093744,6244.3336770748701
750.00005371093744,6406.5996873185331
751.00005371093744,6286.6168607199388
752.00005371093744,6390.1003426481766
753.00005371093744,6369.2057282647293
754.00005371093744,6315.7085387687021
755.00005371093744,6415.0147720743735
756.00005371093744,6388.2985503784394
757.00005371093744,6308.1219445513652
758.00005371093744,6225.7646184013247
759.00005371093744,6292.6511420733814
760.00005371093744,6226.4917813870061
761.00005371093744,6280.5783092438887
762.00005371093744,6373.2031987095597
763.00005371093744,6195.8999696547589
764.00005371093744,6312.7644038037006
765.00005371093744,6338.4615545520346
766.00005371093744,6331.9243417503967
767.00005371093744,6131.3569343174649
768.00005371093744,6127.7622376255604
769.00005371093744,6133.1923537469893
770.00005371093744,6287.8492613934695
771.00005371093744,6141.6782448605109
772.00005371093744,6074.5485291729383
773.00005371093744,5985.2721366223741
774.00005371093744,5986.4141596272175
775.00005371093744,6067.285776604117
776.00005371093744,6160.3782441383064
777.00005371093744,6138.1243065863127
778.00005371093744,6104.7594774351301
779.00005371093744,6049.6006778903429
780.00005371093744,5953.7381648182882
781.00005371093744,6121.2837076548585
782.00005371093744,6120.3923386207207
783.00005371093744,6214.424601436951
784.00005371093744,6061.5573811069025
785.00005371093744,6014.093945888796
786.00005371093744,6097.7389008510136
787.00005371093744,6073.5518994436834
788.00005371093744,6030.0538114053888
789.00005371093744,5881.2303897849215
790.00005371093744,5895.1269016204724
791.00005371093744,5936.7318996303438
792.00005371093744,6063.2886980101503
793.00005371093744,5950.6078638158806
794.00005371093744,5789.4586480912749
795.00005371093744,6034.2512318738045
796.00005371093744,5866.5431300611554
797.00005371093744,6011.268174031321
798.00005371093744,5895.7406747111827
799.00005371093744,5928.5244005951972
800.00005371093744,5777.2542583989725
801.00005371093744,5867.3792636715934
802.00005371093744,5778.84611936693
803.00005371093744,5945.8530236777287
804.00005371093744,5826.6654384017374
805.00005371093744,5790.288684291445
806.00005371093744,5795.8418354669257
807.00005371093744,5897.5854799435592
808.00005371093744,5741.4903724299011
809.00005371093744,5772.0834149884449
810.00005371093744,5581.6642985701737
811.00005371093744,5845.1930356431203
812.00005371093744,5665.1508087792126
813.00005371093744,5772.0451347831513
814.00005371093744,5625.5190090032365
815.00005371093744,5703.8216384095576
816.00005371093744,5541.6018872977265
817.00005371093744,5719.2749511620596
818.00005371093744,5712.1802973372787
819.00005371093744,5586.6816182281509
820.00005371093744,5573.9020542912731
821.00005371093744,5604.4835026937972
822.00005371093744,5577.2277424160447
823.00005371093744,5714.2554883236944
824.00005371093744,5666.0113492865758
825.00005371093744,5629.0166638225865
826.00005371093744,5793.420179725952
827.00005371093744,5744.9385399166331
828.00005371093744,5628.8334090066955
829.00005371093744,5659.8630554502797
830.00005371093744,5620.6661076340833
831.00005371093744,5649.2812418576623
832.00005371093744,5461.4562420321336
833.00005371093744,5604.7692006016068
834.00005371093744,5643.1990077291066
835.00005371093744,5467.6357706578438
836.00005371093744,5412.4031450237226
837.00005371093744,5530.5930406738871
838.00005371093744,5603.7198597270126
839.00005371093744,5595.2101816087579
840.00005371093744,5540.1118515097733
841.00005371093744,5516.3511468606002
842.00005371093744,5442.825821507251
843.00005371093744,5505.075714935283
844.00005371093744,5408.7774405886667
845.00005371093744,5518.8771976769485
846.00005371093744,5467.7250025537096
847.00005371093744,5481.9739248535489
848.00005371093744,5350.9961579409528
849.00005371093744,5490.7443595980785
850.00005371093744,5401.4542707391374
851.00005371093744,5429.7418337706877
852.00005371093744,5390.9863000906589
853.00005371093744,5344.8334301998339
854.00005371093744,5312.5525324154323
855.00005371093744,5295.1607828545202
856.00005371093744,5288.5324234871887
857.00005371093744,5278.5213463133014
858.00005371093744,5330.8170042394913
859.00005371093744,5337.7848445150648
860.00005371093744,5326.204560186522
861.00005371093744,5229.820389227435
862.00005371093744,5342.299178907344
863.00005371093744,5338.3960392561494
864.00005371093744,5183.5464631219438
865.00005371093744,5165.2532001811815
866.00005371093744,5363.8552695526296
867.00005371093744,5206.5925628760069
868.00005371093744,5254.3804290664839
869.00005371093744,5290.0195791039077
870.00005371093744,5296.0761143239952
871.00005371093744,5308.3216783764083
872.00005371093744,5181.4418711923608
873.00005371093744,5171.2545484810016
874.00005371093744,5247.2986721368989
875.00005371093744,5102.7549650297206
876.00005371093744,5216.5307575110664
877.00005371093744,5112.5195754792321
878.00005371093744,5079.886260128379
879.00005371093744,5082.1841050087714
880.00005371093744,5156.2569534723962
881.00005371093744,5011.6903157359029
882.00005371093744,5038.8077782054752
883.00005371093744,5150.7834197890625
884.00005371093744,5076.5200326883996
885.00005371093744,5062.1032454355154
886.00005371093744,5074.9470402989336
887.00005371093744,5180.4585950059454
888.00005371093744,5142.5645940317345
889.00005371093744,5096.4110532281529
890.00005371093744,5010.4028213574129
891.00005371093744,5101.0498151875327
892.00005371093744,5081.8281668230893
893.00005371093744,4834.7503706383286
894.00005371093744,4943.7802383486151
895.00005371093744,5055.8499936371672
896.00005371093744,5052.9662795292561
897.00005371093744,4973.4875763207847
898.00005371093744,5016.3255080279587
899.00005371093744,5127.6243673299205
900.00005371093744,4950.7752484684297
901.00005371093744,4923.4519979981342
902.00005371093744,5016.1196407072812
903.00005371093744,4921.7723556360215
904.00005371093744,4810.3743342288935
905.00005371093744,4952.1104792508722
906.00005371093744,4773.5946708144975
907.00005371093744,4825.5036150472224
908.00005371093744,4912.5215202022318
909.00005371093744,4865.2007779974183
910.00005371093744,4832.9300985357795
911.00005371093744,4747.9814737151282
912.00005371093744,4844.6021035271633
913.00005371093744,4961.7983279414393
914.00005371093744,4871.3337197902774
915.00005371093744,4858.8872510023321
916.00005371093744,4775.1008327344271
917.00005371093744,4853.414878484713
918.00005371093744,4814.9564099518038
919.00005371093744,4804.9423221748348
920.00005371093744,4683.3797504308395
921.00005371093744,4777.563126768553
922.00005371093744,4855.3113829339445
923.00005371093744,4635.6199601650223
924.00005371093744,4647.5058194606218
925.00005371093744,4703.1689855014247
926.00005371093744,4808.0616877523926
927.00005371093744,4737.7670439363856
928.00005371093744,4671.8888430393672
929.00005371093744,4688.3941793994063
930.00005371093744,4717.0608649669748
931.00005371093744,4761.580713634432
932.00005371093744,4783.6920583574229
933.00005371093744,4720.3123709265919
934.00005371093744,4658.2863781668866
935.00005371093744,4536.774851264825
936.00005371093744,4658.5564917399943
937.00005371093744,4599.5451267994285
938.00005371093744,4712.424490991245
939.00005371093744,4762.6931167427283
940.00005371093744,4592.013108401783
941.00005371093744,4636.4349438811851
942.00005371093744,4659.9841298530691
943.00005371093744,4597.6947987913418
944.00005371093744,4643.1216903063068
945.00005371093744,4668.8480288874252
946.00005371093744,4578.8126941028959
947.00005371093744,4701.5922893375764
948.00005371093744,4530.4286542542413
949.00005371093744,4586.2197561497533
950.00005371093744,4623.4901887962606
951.00005371093744,4598.2321001340051
952.00005371093744,4536.2186155677073
953.00005371093744,4558.449309998954
954.00005371093744,4467.8742710140132
955.00005371093744,4510.1823432216179
956.00005371093744,4433.5118527711602
957.00005371093744,4421.4606795638774
958.00005371093744,4628.776598628071
959.00005371093744,4569.542594948568
960.00005371093744,4593.6487250600976
961.00005371093744,4547.0037807813951
962.00005371093744,4491.4788029343581
963.00005371093744,4595.0101556664986
964.00005371093744,4662.1998247589117
965.00005371093744,4577.5711864328077
966.00005371093744,4709.7359673026931
967.00005371093744,4986.4652945864964
968.00005371093744,5343.4793726179478
969.00005371093744,5651.0020283573185
970.00005371093744,5761.1475822674302
971.00005371093744,6143.3048938895172
972.00005371093744,6536.5394064718257
973.00005371093744,6612.5807598160609
974.00005371093744,6584.5689929906557
975.00005371093744,6731.1606086480579
976.00005371093744,6673.964884416634
977.00005371093744,6606.6578830120316
978.00005371093744,6687.6723545426185
979.00005371093744,6518.4854591119065
980.00005371093744,6203.2678716645005
981.00005371093744,5905.4079506821836
982.00005371093744,5819.6141677574788
983.00005371093744,5698.1622600124711
984.00005371093744,5728.0345800738623
985.00005371093744,5683.4752084219017
986.00005371093744,5494.3200811450988
987.00005371093744,5579.0865542908359
988.00005371093744,5537.8173860839925
989.00005371093744,5579.5798881313603
990.00005371093744,5636.5296134050659
991.00005371093744,5828.9824235608739
992.00005371093744,5777.0725452445295
993.00005371093744,5824.6818125494237
994.00005371093744,6087.8115491196231
995.00005371093744,5965.9051484873398
996.00005371093744,6010.874534055768
997.00005371093744,6018.0601708190852
998.00005371093744,6078.6369051098191
999.00005371093744,6082.0933831345092
1000.0000537109374,6047.8782687822213
1001.0000537109374,6053.124067027039
1002.0000537109374,6162.2502012189798
1003.0000537109374,5902.2074276791009
1004.0000537109374,5936.2852616194505
1005.0000537109374,5962.1886006852028
1006.0000537109374,5778.3380038307414
1007.0000537109374,5769.9483793758945
1008.0000537109374,5719.8394880521364
1009.0000537109374,5735.821154555887
1010.0000537109374,5683.5372475850863
1011.0000537109374,5756.3416391374012
1012.0000537109374,5611.2296911142739
1013.0000537109374,5624.4468963976969
1014.0000537109374,5515.1437677256436
1015.0000537109374,5658.5048483468154
1016.0000537109374,5630.5994409629739
1017.0000537109374,5653.8675552785116
1018.0000537109374,5604.8227551433529
1019.0000537109374,5504.2713000886588
1020.0000537109374,5478.8535896111525
1021.0000537109374,5602.3498380538031
1022.0000537109374,5524.4497585249474
1023.0000537109374,5648.4583486194952
1024.0000537109374,5547.6983415786162
1025.0000537109374,5523.3282885137651
1026.0000537109374,5487.3711580046338
1027.0000537109374,5511.1448303148418
1028.0000537109374,5484.8849492343679
1029.0000537109374,5491.0992614248235
1030.0000537109374,5393.9424048332912
1031.0000537109374,5470.6278573678737
1032.0000537109374,5349.8657089521221
1033.0000537109374,5382.7238360831407
1034.0000537109374,5472.9592189601663
1035.0000537109374,5320.1122244927728
1036.0000537109374,5253.9706220728394
1037.0000537109374,5240.8539981338345
1038.0000537109374,5265.4967023724721
1039.0000537109374,5282.618489554392
1040.0000537109374,5268.5556093239475
1041.0000537109374,5297.9014268972096
1042.0000537109374,5324.2484660360924
1043.0000537109374,5313.2323752580296
1044.0000537109374,5266.3744867930918
1045.0000537109374,5304.2804504480428
1046.0000537109374,5193.9023633991956
1047.0000537109374,5342.9704563670148
1048.0000537109374,5132.7332606541377
1049.0000537109374,5215.8614667565562
1050.0000537109374,5181.5528294018177
1051.0000537109374,5145.3833320144622
1052.0000537109374,5279.5769789789611
1053.0000537109374,5148.0799635250232
1054.0000537109374,5049.8664735951579
1055.0000537109374,5015.7485225041355
1056.0000537109374,5007.3360148124184
1057.0000537109374,5085.060704040643
1058.0000537109374,5049.2491102560552
1059.0000537109374,5074.4359821518929
1060.0000537109374,5135.7364755301578
1061.0000537109374,5113.3734063708553
1062.0000537109374,5079.2927077639079
1063.0000537109374,5020.2043362711238
1064.0000537109374,4923.3593046875712
1065.0000537109374,4987.6239686825402
1066.0000537109374,5058.1548346155669
1067.0000537109374,4991.3779065804738
1068.0000537109374,4988.7475553311106
1069.0000537109374,5086.6162237963053
1070.0000537109374,5163.4993126075369
1071.0000537109374,5074.998311223002
1072.0000537109374,4994.6094451714125
1073.0000537109374,5015.4300642588005
1074.0000537109374,4899.327447708728
1075.0000537109374,5075.8983601799355
1076.0000537109374,4917.3325012556897
1077.0000537109374,5037.8855504870971
1078.0000537109374,4940.1077399658179
1079.0000537109374,4836.092804124858
1080.0000537109374,5000.585606125298
1081.0000537109374,4807.3157728939223
1082.0000537109374,4843.0134418910739
1083.0000537109374,4794.3382408305824
1084.0000537109374,4816.269790539438
1085.0000537109374,4798.1447604873983
1086.0000537109374,4964.7578469667687
1087.0000537109374,4800.5735029366269
1088.0000537109374,4589.4214888960205
1089.0000537109374,4808.7130018315393
1090.0000537109374,4892.0171258000591
1091.0000537109374,4674.6020375630133
1092.0000537109374,4788.2905390770093
1093.0000537109374,4698.9963287691544
1094.0000537109374,4634.0408619003538
1095.0000537109374,4773.792412795704
1096.0000537109374,4811.0118580014987
1097.0000537109374,4688.2519065148035
1098.0000537109374,4842.4768168565943
1099.0000537109374,4925.1293485876349
1100.0000537109374,4791.1741669007042
1101.0000537109374,4780.4246541651382
1102.0000537109374,4872.9396028767123
1103.0000537109374,4832.1647010381002
1104.0000537109374,4794.6158567781304
1105.0000537109374,4793.5719356637701
1106.0000537109374,4719.6071483966825
1107.0000537109374,4868.2464024879155
1108.0000537109374,4868.6887647010371
1109.0000537109374,4822.1239657024298
1110.0000537109374,4860.9598283639671
1111.0000537109374,4853.0524015478613
1112.0000537109374,4837.0114899135779
1113.0000537109374,4666.9851692778611
1114.0000537109374,4845.125161779767
1115.0000537109374,4756.0955037549365
1116.0000537109374,4767.8717864561004
1117.0000537109374,4790.7408029958915
1118.0000537109374,4725.0780869081937
1119.0000537109374,4757.3292488972202
1120.0000537109374,4725.6743521050648
1121.0000537109374,4720.5067315703254
1122.0000537109374,4681.7596058221434
1123.0000537109374,4837.468782886026
1124.0000537109374,4694.7569324707802
1125.0000537109374,4838.3553906171337
1126.0000537109374,4697.5916895217642
1127.0000537109374,4632.922010336667
1128.0000537109374,4509.3595338912355
1129.0000537109374,4581.6978903038889
1130.0000537109374,4590.1904314167468
1131.0000537109374,4643.7784593019869
1132.0000537109374,4726.7635947627823
1133.0000537109374,4612.717657517248
1134.0000537109374,4516.1034094799916
1135.0000537109374,4531.1931624274985
1136.0000537109374,4661.9225482616757
1137.0000537109374,4715.0757220419855
1138.0000537109374,4654.5502691854754
1139.0000537109374,4510.2159435251006
1140.0000537109374,4433.2360217544165
1141.0000537109374,4591.6633873494839
1142.0000537109374,4457.6785824548051
1143.0000537109374,4512.622129017821
1144.0000537109374,4511.7649109180174
1145.0000537109374,4573.09449477413
1146.0000537109374,4547.579834835823
1147.0000537109374,4548.2800377259064
1148.0000537109374,4398.30107060093
1149.0000537109374,4355.9799176517181
1150.0000537109374,4533.6804024468638
1151.0000537109374,4514.2913137625428
1152.0000537109374,4379.3489170917874
1153.0000537109374,4467.4249066867369
1154.0000537109374,4389.311954985089
1155.0000537109374,4486.2703369691872
1156.0000537109374,4404.0619944861937
1157.0000537109374,4260.7943490890166
1158.0000537109374,4493.2695361486949
1159.0000537109374,4345.9992422234336
1160.0000537109374,4538.7219648652153
1161.0000537109374,4405.0094057017723
1162.0000537109374,4385.7386017733725
1163.0000537109374,4502.8018772794876
1164.0000537109374,4408.4570820638819
1165.0000537109374,4339.7535036913659
1166.0000537109374,4332.7306272949236
1167.0000537109374,4344.0702665366707
1168.0000537109374,4372.9346853886973
1169.0000537109374,4390.1011861804791
1170.0000537109374,4473.506909085344
1171.0000537109374,4363.7566269048493
1172.0000537109374,4396.0845612138301
1173.0000537109374,4200.6417921397806
1174.0000537109374,4366.7313079637534
1175.0000537109374,4160.7154528306273
1176.0000537109374,4304.2483134911363
1177.0000537109374,4144.8640026118519
1178.0000537109374,4341.6933484224364
1179.0000537109374,4399.7704464764984
1180.0000537109374,4274.6380399109166
1181.0000537109374,4171.6664711171061
1182.0000537109374,4237.3166312627718
1183.0000537109374,4061.9982643521048
1184.0000537109374,4179.6148906421367
1185.0000537109374,4220.740434940315
1186.0000537109374,4279.503617828439
1187.0000537109374,4146.9611436584928
1188.0000537109374,4145.3124632523977
1189.0000537109374,4198.0619440542996
1190.0000537109374,4206.9920029505402
1191.0000537109374,4083.2264822041757
1192.0000537109374,4122.7526351742345
1193.0000537109374,4123.507895869363
1194.0000537109374,4140.7217649356098
1195.0000537109374,4177.592887930723
1196.0000537109374,4284.9032359294579
1197.0000537109374,4117.672491234568
1198.0000537109374,4206.4789634006838
1199.0000537109374,4210.3706933442427
1200.0000537109374,4078.1361851693882
1201.0000537109374,4162.1903352292857
1202.0000537109374,4299.4715236021484
1203.0000537109374,4254.822341748848
1204.0000537109374,4144.4739807847509
1205.0000537109374,4268.9718372714096
1206.0000537109374,4212.5786074126518
1207.0000537109374,4243.0408695977058
1208.0000537109374,4370.6158469954325
1209.0000537109374,4467.3895436792418
1210.0000537109374,4543.1013079295026
1211.0000537109374,4618.6506598194301
1212.0000537109374,4894.9010045373152
1213.0000537109374,4959.0187625761237
1214.0000537109374,5167.8832057762547
1215.0000537109374,5431.3584230644992
1216.0000537109374,5585.039869407713
1217.0000537109374,5732.0874693708347
1218.0000537109374,5976.8786857249197
1219.0000537109374,6194.3335884185753
1220.0000537109374,6333.998170128606
1221.0000537109374,6484.3795162564611
1222.0000537109374,6588.3392396065165
1223.0000537109374,6550.6059835396236
1224.0000537109374,6686.529178952087
1225.0000537109374,6811.9100609432162
1226.0000537109374,6833.9077143516033
1227.0000537109374,6741.9461519110891
1228.0000537109374,6557.6836666931631
1229.0000537109374,6655.1817791308831
1230.0000537109374,6628.3571738454411
1231.0000537109374,6643.0841308519975
1232.0000537109374,6543.3893622338664
1233.0000537109374,6268.7492159009407
1234.0000537109374,6470.2735117448419
1235.0000537109374,6305.2991593622273
1236.0000537109374,6287.1281706629798
1237.0000537109374,6398.6577316192279
1238.0000537109374,6347.8623058766198
1239.0000537109374,6433.3775208438274
1240.0000537109374,6284.785613946774
1241.0000537109374,6221.7995094981679
1242.0000537109374,6327.9879063910148
1243.0000537109374,6180.0416599014434
1244.0000537109374,6311.4529239673684
1245.0000537109374,6239.7091142293575
1246.0000537109374,6298.4801744876268
1247.0000537109374,6260.9085797257476
1248.0000537109374,6118.5467514348566
1249.0000537109374,6104.7380341823782
1250.0000537109374,6094.8827790483947
1251.0000537109374,5956.7151409235812
1252.0000537109374,5979.1368493761684
1253.0000537109374,6017.4935697306564
1254.0000537109374,5915.2378975854808
1255.0000537109374,6092.0746164133889
1256.0000537109374,5863.787892823635
1257.0000537109374,5881.7703825453818
1258.0000537109374,5868.4486844403818
1259.0000537109374,5808.8231326552468
1260.0000537109374,5879.0330594581073
1261.0000537109374,5819.5147753796646
1262.0000537109374,5859.5837495577734
1263.0000537109374,5768.2648582418278
1264.0000537109374,5849.3191001795603
1265.0000537109374,5767.0489994866184
1266.0000537109374,5788.2314283963351
1267.0000537109374,5796.4132721488313
1268.0000537109374,5793.1951780961781
1269.0000537109374,5724.7695546146733
1270.0000537109374,5741.0937755425521
1271.0000537109374,5731.41761093282
1272.0000537109374,5799.5786719833577
1273.0000537109374,5859.4629506944511
1274.0000537109374,5587.8740970975905
1275.0000537109374,5658.2155663128569
1276.0000537109374,5796.2248109022739
1277.0000537109374,5709.5684991208564
1278.0000537109374,5649.9809199615293
1279.0000537109374,5626.7643249990788
1280.0000537109374,5683.5657795700408
1281.0000537109374,5564.3087594754434
1282.0000537109374,5676.7757675250832
1283.0000537109374,5646.8659761146282
1284.0000537109374,5594.616542243908
1285.0000537109374,5758.3995913085055
1286.0000537109374,5633.006844546122
1287.0000537109374,5659.8998753064398
1288.0000537109374,5785.4027319816832
1289.0000537109374,5787.1265190056165
1290.0000537109374,5655.3280747389445
1291.0000537109374,5712.6173598356481
1292.0000537109374,5666.1650234788422
1293.0000537109374,5739.0971378764998
1294.0000537109374,5581.1293438504481
1295.0000537109374,5665.2276916441733
1296.0000537109374,5635.4290572515356
1297.0000537109374,5737.2836935704399
1298.0000537109374,5743.47438119857
1299.0000537109374,6051.5137014640895
1300.0000537109374,6332.6527150933143
1301.0000537109374,6480.7039785354509
1302.0000537109374,6560.88028938555
1303.0000537109374,6892.5475210575078
1304.0000537109374,7039.6568698457859
1305.0000537109374,6757.8016719973957
1306.0000537109374,6646.1023715268466
1307.0000537109374,6332.2390670734958
1308.0000537109374,6319.3075891634971
1309.0000537109374,6219.0016732378081
1310.0000537109374,6157.2308569380011
1311.0000537109374,6069.0355386646679
1312.0000537109374,6229.9379930573605
1313.0000537109374,6141.5341370628212
1314.0000537109374,6162.7369005766568
1315.0000537109374,5952.0896723710075
1316.0000537109374,6238.7685659225526
1317.0000537109374,6196.7709156850769
1318.0000537109374,6145.3737820700326
1319.0000537109374,6243.0468896653865
1320.0000537109374,6286.6700299753384
1321.0000537109374,6369.0579851632547
1322.0000537109374,6321.3110925247929
1323.0000537109374,6332.4511569163315
1324.0000537109374,6207.3132979986822
1325.0000537109374,6421.7838738261671
1326.0000537109374,6349.0420637417992
1327.0000537109374,6339.8875246768139
1328.0000537109374,6380.6230135255391
1329.0000537109374,6145.6684791039361
1330.0000537109374,6213.6421004579624
1331.0000537109374,6260.2010712422616
1332.0000537109374,6278.9916934266939
1333.0000537109374,6310.8618754587624
1334.0000537109374,6314.5373660623845
1335.0000537109374,6317.168978314392
1336.0000537109374,6511.0151312219768
1337.0000537109374,6218.8207369788724
1338.0000537109374,6261.614760284072
1339.0000537109374,6515.6223668088996
1340.0000537109374,6293.8221973437576
1341.0000537109374,6346.7855947474663
1342.0000537109374,6304.9111359330418
1343.0000537109374,6425.4798998329734
1344.0000537109374,6417.2711253304478
1345.0000537109374,6331.1691036408656
1346.0000537109374,6280.5278607967193
1347.0000537109374,6438.5719596266417
1348.0000537109374,6614.2721917546833
1349.0000537109374,6537.1658906921075
1350.0000537109374,6279.0900759817396
