binding_energy_eV,raw_intensity,background,component:Cl_2p3/2,component:Cl_2p1/2,total_fit,residual
190.00005371093744,1835.0351169106227,1835.0351169106227,48.34708580660118,17.97187074408498,1901.3540734613089,-66.31895655068615
190.10005371093735,1964.6142121361656,1849.0722871984244,49.32715050183792,18.285438938936764,1916.684876639199,47.92933549696659
190.20005371093748,1912.2293086958232,1863.109457486258,50.33729640500254,18.6072808780418,1932.0540347693022,-19.82472607347904
190.3000537109374,1825.7769710357086,1877.1466277740597,51.37876623483226,18.937690040453756,1947.4630840493458,-121.68611301363717
190.40005371093753,1932.5066230552495,1891.1837980618934,52.45286749774004,19.27697302585583,1962.9136385854893,-30.407015530239732
190.50005371093744,1931.6540582137197,1905.220968349695,53.56097658001212,19.625450264348288,1978.4073951940554,-46.75333698033569
190.60005371093735,1831.5438943273643,1919.2581386374968,54.70454314453013,19.983456771422787,1993.9461385534498,-162.4022442260855
190.70005371093748,1831.8190721416574,1933.2953089253303,55.8850948581038,20.35134295141833,2009.5317467348525,-177.71267459319506
190.8000537109374,1924.941289776435,1947.332479213132,57.1042424781339,20.72947545305573,2025.1661971443216,-100.22490736788654
190.90005371093753,1860.033334283475,1961.3696495009656,58.36368533016089,21.11823808095077,2040.8515729120772,-180.81823862860233
191.00005371093744,1841.3415930517215,1975.4068197887673,59.66521721090075,21.51803276730579,2056.590069766974,-215.24847671525254
191.10005371093735,1837.2681543943058,1989.443990076569,61.01073275501631,21.929280608388087,2072.384003439973,-235.11584904566735
191.20005371093748,1856.1708994641303,2003.4811603644025,62.40223430760893,22.35242297075173,2088.2358176427633,-232.06491817863298
191.3000537109374,1856.1546386448917,2017.5183306522044,63.84183934884784,22.787922672623743,2104.148092673676,-247.99345402878407
191.40005371093753,1873.4714038241477,2031.555500940038,65.33178852199934,23.23626524635441,2120.1235547083916,-246.65215088424384
191.50005371093744,1921.4720784881608,2045.5926712278397,66.87445432140645,23.697960288320424,2136.1650858375665,-214.69300734940566
191.60005371093735,1993.8756381139663,2059.629841515641,68.47235050319316,24.173542903300177,2152.2757349221347,-158.40009680816843
191.70005371093748,1863.2347286088077,2073.667011803475,70.12814228805419,24.66357525091967,2168.458729342449,-305.2240007336411
191.8000537109374,1819.2404764062983,2087.704182091277,71.84465743319399,25.16864820250083,2184.7174877269717,-365.47701132067345
191.90005371093753,1932.0057933916032,2101.74135237911,73.62489825900933,25.68938311741688,2201.0556337555363,-269.0498403639331
192.00005371093744,1824.6580053365542,2115.778522666912,75.47205472555233,26.226433748869553,2217.477011141334,-392.81900580477986
192.10005371093735,1934.5612276747117,2129.8156929547135,77.38951866480917,26.780488290005582,2233.985699909528,-299.42447223481645
192.20005371093748,1908.3361442681014,2143.8528632425473,79.38089928677284,27.352271572265888,2250.586034101586,-342.24988983348453
192.3000537109374,1934.2373905483726,2157.890033530349,81.45004009115033,27.942547429051388,2267.2826210505505,-333.0452305021779
192.40005371093753,1950.400352989985,2171.9272038181825,83.60103733207993,28.552121239067834,2284.0803623893303,-333.6800093993452
192.50005371093744,1920.1944278425235,2185.9643741059845,85.83826020064302,29.18184266507989,2300.9844769717074,-380.7900491291839
192.60005371093735,1896.5511978384607,2200.001544393786,88.16637291014735,29.832608605449813,2318.000525909383,-421.44932807092255
192.70005371093748,1911.6661084148275,2214.0387146816197,90.5903588915401,30.505366377509127,2335.134439950669,-423.46833153584134
192.8000537109374,1848.6205206657544,2228.075884969421,93.11554733223514,31.201117153803857,2352.39254945546,-503.7720287897057
192.90005371093753,1909.5436198157845,2242.113055257255,95.74764232101481,31.92091967442496,2369.7816172526946,-460.23799743691006
193.00005371093744,1931.9332174545339,2256.1502255450564,98.49275489498318,32.66589426099902,2387.308874701039,-455.37565724650494
193.10005371093735,1920.6545527552398,2270.1873958328583,101.35743832319228,33.437227160702555,2404.982061316753,-484.32750856151324
193.20005371093748,1945.6628910250977,2284.2245661206916,104.34872700516,34.236175251597736,2422.8094683774493,-477.14657735235164
193.3000537109374,1857.1562678949927,2298.2617364084936,107.47417941309972,35.06407114402638,2440.7999869656196,-583.643719070627
193.40005371093753,1941.5911910257826,2312.2989066963273,110.7419255646656,35.922328716598244,2458.963160977591,-517.3719699518085
193.50005371093744,2019.0659811232183,2326.336076984129,114.16071957954844,36.81244912950388,2477.3092456931813,-458.243264569963
193.60005371093735,1916.30210926821,2340.3732472719307,117.73999795074468,37.73602736277536,2495.8492725854508,-579.5471633172408
193.70005371093748,1912.4201800888757,2354.410417559764,121.48994425012097,38.69475933240598,2514.5951211422907,-602.1749410534151
193.8000537109374,1949.6288881958617,2368.447587847566,125.42156109154122,39.690449643385556,2533.5595985824925,-583.9307103866308
193.90005371093753,1888.880319929149,2382.4847581353997,129.54675029498796,40.72502004557667,2552.7565284759644,-663.8762085468154
194.00005371093744,1980.9882094066877,2396.521928423201,133.87840233467998,41.80051866603903,2572.2008494239203,-591.2126400172326
194.10005371093735,1984.3728632788793,2410.5590987110027,138.43049631794065,42.91913010032054,2591.908725129264,-607.5358618503847
194.20005371093748,1914.8495642687963,2424.5962689988364,143.21821193207217,44.08318645507536,2611.897667385984,-697.0481031171876
194.3000537109374,1914.0512885958972,2438.6334392866383,148.25805502078646,45.295179445769,2632.1866737531936,-718.1353851572965
194.40005371093753,1898.9657626732728,2452.6706095744717,153.56799871512573,46.5577736661194,2652.7963819557167,-753.8306192824439
194.50005371093744,1951.8607538085691,2466.7077798622736,159.16764235380873,47.87382116050627,2673.7492433765888,-721.8884895680196
194.60005371093735,1933.5505566621164,2480.744950150075,165.07839079544226,49.246377447490396,2695.069718393008,-761.5191617308915
194.70005371093748,1909.7494930117998,2494.782120437909,171.3236571592052,50.678719161598224,2716.784496758712,-807.0350037469123
194.8000537109374,1915.4474600394412,2508.8192907257107,177.92909254779937,52.1743635025787,2738.922746776089,-823.4752867366476
194.90005371093753,1868.0222918243644,2522.856461013544,184.92284692255726,53.73708970655214,2761.5163976426534,-893.494105818289
195.00005371093744,2079.8511659349565,2536.893631301346,192.33586603666234,55.37096278233138,2784.60046012034,-704.7492941853834
195.10005371093735,2006.5516178572109,2550.9308015891474,200.20223021676537,57.080359789772736,2808.2133915956856,-801.6617737384747
195.20005371093748,2056.060118198497,2564.967971876981,208.55954184562552,58.86999897537495,2832.3975126979817,-776.3373944994846
195.3000537109374,2053.502322063692,2579.0051421647827,217.44936968261567,60.74497212505885,2857.199483972457,-803.6971619087649
195.40005371093753,1966.7790572095735,2593.0423124526164,226.91775971437883,62.710780545773474,2882.670852712769,-915.8917955031955
195.50005371093744,2052.396326267709,2607.079482740418,237.01582411853613,64.77337514749217,2908.8686820064463,-856.4723557387374
195.60005371093735,1984.6254912771378,2621.11665302822,247.8004222329311,66.9392011673381,2935.856276428489,-951.230785151351
195.70005371093748,1997.615833034837,2635.1538233160536,259.3349502503358,69.21524815897365,2963.704021725363,-966.0881886905261
195.8000537109374,2051.2485412429314,2649.190993603855,271.690259839012,71.609105966034,2992.490359408901,-941.2418181659696
195.90005371093753,2004.408566436042,2663.228163891689,284.94573018843766,74.12902751039691,3022.3029215905235,-1017.8943551544814
196.00005371093744,2036.5655181635796,2677.2653341794903,299.19052331210327,76.78399935756053,3053.239856849154,-1016.6743386855744
196.10005371093735,2053.06624071452,2691.3025044672922,314.52505908808416,79.58382117690192,3085.4113847322783,-1032.3451440177582
196.20005371093748,2007.9322913194565,2705.3396747551255,331.062754839765,82.53919539772544,3118.941624992616,-1111.0093336731597
196.3000537109374,2087.3450927639165,2719.3768450429275,348.9320847324526,85.66182857959986,3153.97075835498,-1066.6256655910634
196.40005371093753,2089.393825345935,2733.414015330761,368.2790275048553,88.96454627390452,3190.657589109521,-1101.2637637635858
196.50005371093744,2129.0960829078726,2747.4511856185627,389.2699878876029,92.46142346127557,3229.182596967441,-1100.0865140595683
196.60005371093735,2302.578089473383,2761.4883559063646,412.0952985802931,96.1679330183279,3269.7515875049858,-967.1734980316028
196.70005371093748,2134.952330965092,2775.525526194198,436.9734373144188,100.10111510838846,3312.6000786170052,-1177.647747651913
196.8000537109374,2234.1044313970974,2789.5626964819994,464.15612929290586,104.27977092280908,3357.998596697714,-1123.8941653006168
196.90005371093753,2256.557916004755,2803.599866769833,493.9345518233231,108.72468484131439,3406.2591034344705,-1149.7011874297154
197.00005371093744,2276.322516255602,2817.637037057635,526.6469188860386,113.45887985718525,3457.742835800859,-1181.4203195452574
197.10005371093735,2308.584142961555,2831.674207345437,562.6878037469801,118.5079120592636,3512.8699231516807,-1204.285780190126
197.20005371093748,2446.3872369497726,2845.7113776332703,602.5196646970694,123.90021111647347,3572.1312534468134,-1125.7440164970408
197.3000537109374,2442.7303361589493,2859.748547921072,646.6871834367406,129.6674751251628,3636.103206482975,-1193.3728703240258
197.40005371093753,2390.0229583162213,2873.7857182089056,695.8352260355113,135.84512991951513,3705.466074163932,-1315.4431158477105
197.50005371093744,2449.9971999479717,2887.8228884967075,750.7315305906229,142.47286509421298,3781.027284181543,-1331.0300842335714
197.60005371093735,2636.5704141816072,2901.860058784509,812.2957049928243,149.59526165604535,3863.7510254333783,-1227.180611251771
197.70005371093748,2793.63742184881,2915.8972290723427,881.6370227192946,157.26252954405336,3954.796781335691,-1161.159359486881
197.8000537109374,2926.179805487573,2929.934399360144,960.1054663574299,165.53137741987516,4055.5712431374495,-1129.3914376498765
197.90005371093753,2884.011571162486,2943.971569647978,1049.3650607483273,174.4660423662395,4167.802672762545,-1283.791101600059
198.00005371093744,2978.235055853869,2958.00873993578,1151.509334775707,184.13951375241905,4293.657588463906,-1315.4225326100368
198.10005371093735,3200.3836850752136,2972.0459102235814,1269.2629453668387,194.6349939437921,4435.943849534212,-1235.5601644589983
198.20005371093748,3290.329287980974,2986.0830805114147,1406.363370223913,206.04764929016346,4598.494100025491,-1308.164812044517
198.3000537109374,3679.934390379369,3000.1202507992166,1568.308323880358,218.48671865719828,4786.915293336773,-1106.9809029574044
198.40005371093753,3834.5806168516124,3014.1574210870504,1763.79924655543,232.0780646464731,5010.034732288954,-1175.4541154373414
198.50005371093744,4467.865550546305,3028.1945913748523,2007.391109753134,246.96727591164827,5282.552977039635,-814.6874264933303
198.60005371093735,4810.177318015192,3042.2317616626533,2323.987121207952,263.3234594430047,5629.54234231361,-819.3650242984177
198.70005371093748,5616.364394204473,3056.268931950487,2755.6977541236447,281.34390187351687,6093.310587947649,-476.9461937431761
198.8000537109374,6547.998453413393,3070.306102238289,3370.9199049355634,301.2598323485168,6742.485839522369,-194.48738610897635
198.90005371093753,7863.500910580222,3084.3432725261227,4274.015006004687,323.3435917184034,7681.701870249213,181.79904033100865
199.00005371093744,9316.751689392346,3098.380442813924,5611.724843827459,347.91761301773346,9058.022899659118,258.72878973322804
199.10005371093735,11645.700695004953,3112.417613101726,7570.188194556989,375.3657652952867,11057.971572954002,587.7291220509505
199.20005371093748,14688.194417687704,3126.4547833895595,10355.627295591497,406.14785249645854,13888.229931477515,799.9644862101886
199.3000537109374,18757.235942449188,3140.4919536773614,14154.183832434495,440.81851135961597,17735.494297471472,1021.7416449777156
199.40005371093753,24152.244881170798,3154.529123965195,19072.412898887855,480.0527331787744,22706.994756031825,1445.250125138973
199.50005371093744,29738.420375339556,3168.566294252996,25066.791360665768,524.682530374123,28760.040185292888,978.3801900466678
199.60005371093735,36766.38816800715,3182.603464540798,31872.054006634156,575.7546673878069,35630.41213856276,1135.9760294443913
199.70005371093748,43749.383481383185,3196.640634828632,38931.2207185847,634.6314726835093,42762.492826096845,986.8906552863409
199.8000537109374,49488.529381688066,3210.677805116434,45336.24515221974,703.1816851118934,49250.10464244807,238.42473923999933
199.90005371093753,53500.01781862247,3224.714975404267,49868.994236846804,784.1541619403048,53877.86337419138,-377.845555568907
200.00005371093744,54916.97467192182,3238.752145692069,51358.5755900029,881.8996232776228,55479.227358972596,-562.2526870507791
200.10005371093735,53571.61953496249,3252.7893159798705,49351.52507868955,1003.6955548764498,53608.00994954587,-36.390414583380334
200.20005371093748,49356.48925618486,3266.8264862677042,44450.365822256965,1161.9935606042354,48879.1858691289,477.3033870559593
200.3000537109374,43134.491073806865,3280.863656555506,37873.01469405293,1377.848877061605,42531.72722767004,602.763846136826
200.40005371093753,36306.65280285151,3294.90082684334,30803.037411009835,1685.4599524683063,35783.39819032148,523.2546125300287
200.50005371093744,30401.816931744415,3308.937997131141,24093.214140633318,2137.0075030018775,29539.15964076634,862.6572909780771
200.60005371093735,24463.683142642687,3322.975167418943,18251.704846997345,2805.8624219130415,24380.54243632933,83.14070631335562
200.70005371093748,20177.778817059858,3337.0123377067766,13505.515863809003,3785.0940972801573,20627.622298795937,-449.8434817360794
200.8000537109374,17507.971242858846,3351.049507994578,9870.671684920348,5177.813647794356,18399.534840709282,-891.563597850436
200.90005371093753,16493.654428164566,3365.086678282412,7224.112061454667,7077.091916220337,17666.290655957415,-1172.6362277928492
201.00005371093744,17193.859606188376,3379.1238485702133,5373.216238236591,9536.20644944159,18288.546536248396,-1094.6869300600192
201.10005371093735,19234.37069461376,3393.1610188580153,4112.7624513747,12533.39568033013,20039.319150562846,-804.9484559490847
201.20005371093748,21420.87099331998,3407.198189145849,3261.8359223560856,15936.027003322086,22605.06111482402,-1184.1901215040416
201.3000537109374,24312.44223927777,3421.2353594336505,2680.262438513302,19465.610359289403,25567.108157236355,-1254.665917958584
201.40005371093753,27421.316913275336,3435.272529721484,2269.7056782355044,22668.122576113914,28373.1007840709,-951.7838707955634
201.50005371093744,28770.678354729018,3449.3097000092857,1966.4079301834763,24934.497118422056,30350.214748614817,-1579.536393885799
201.60005371093735,29852.093396080723,3463.3468702970877,1731.415532506599,25679.287795001568,30874.050197805256,-1021.9568017245329
201.70005371093748,29911.829274265325,3477.384040584921,1541.7796370800118,24675.76253934219,29694.926217007127,216.9030572581978
201.8000537109374,27584.231769779297,3491.4212108727224,1384.072264117096,22225.18291113102,27100.67638612084,483.5553836584586
201.90005371093753,24579.457827652368,3505.458381160556,1250.213259941458,18936.507347021492,23692.178988123505,887.2788395288626
202.00005371093744,20824.581713944244,3519.495551448358,1135.0435461047996,15401.5187055079,20056.05780306106,768.5239108831847
202.10005371093735,17165.04457326711,3533.53272173616,1035.0158885228004,12046.607070319362,16615.155680578322,549.8888926887885
202.20005371093748,13789.515697261231,3547.5698920239934,947.5202231905319,9125.8524234949,13620.942538709425,168.57315855180605
202.3000537109374,11441.444716488082,3561.6070623117953,870.5384662756792,6752.7579319062825,11184.903460493757,256.5412559943252
202.40005371093753,9100.93975830457,3575.6442325996286,802.4604194949957,4935.335842457963,9313.440494552588,-212.50073624801735
202.50005371093744,7677.537936060394,3589.6814028874305,741.9767357302402,3612.0560307282776,7943.714169345948,-266.1762332855542
202.60005371093735,6592.791579039524,3603.7185731752325,688.0098809279788,2686.608119118945,6978.336573222156,-385.54499418263276
202.70005371093748,5571.960601784563,3617.7557434630653,639.6655279814131,2056.381225686619,6313.802497131097,-741.8418953465343
202.8000537109374,5275.34028354824,3631.7929137508672,596.1963183418289,1630.9179611783395,5858.907193271036,-583.5669097227956
202.90005371093753,4790.5556097723165,3645.830084038701,556.9739544564394,1340.1312192563078,5542.935257751448,-752.3796479791317
203.00005371093744,4647.880620019606,3659.867254326503,521.4673181286859,1134.8528391179009,5316.18741157309,-668.3067915534839
203.10005371093735,4452.073210220919,3673.9044246143044,489.22512298498515,983.2039650918508,5146.333512691141,-694.2603024702221
203.20005371093748,4234.7787159623185,3687.941594902138,459.8620503325071,865.7077662531506,5013.511411487796,-778.7326955254775
203.3000537109374,4094.876771316861,3701.9787651899396,433.0475937126449,770.8898185400792,4905.916177442664,-811.039406125803
203.40005371093753,4303.295788083577,3716.0159354777734,408.4970276166613,692.0361320584451,4816.54909515288,-513.2533070693034
203.50005371093744,4283.632665308584,3730.0531057655753,385.96405364035024,625.1066299707819,4741.1237893767075,-457.4911240681231
203.60005371093735,4410.628523505079,3744.0902760533763,365.2347796982714,567.5217730524455,4676.846828804093,-266.218305299014
203.70005371093748,4434.966441507357,3758.12744634121,346.1227649319299,517.5079442613338,4621.758155534474,-186.79171402711745
203.8000537109374,4299.101913418936,3772.164616629012,328.4649213963588,473.7601115953009,4574.389649620672,-275.28773620173524
203.90005371093753,4400.25550782429,3786.201786916846,312.11810829234037,435.2692331377882,4533.589128346975,-133.3336205226842
204.00005371093744,4470.8393794370295,3800.2389572046472,296.95628889070383,401.2302097475251,4498.4254558428765,-27.586076405847052
204.10005371093735,4339.312816513012,3814.2761274924487,282.8681469047969,370.98836786514437,4468.13264226239,-128.81982574937774
204.20005371093748,4510.675098590369,3828.3132977802825,269.75507979071216,344.0049404639531,4442.073318034948,68.6017805554211
204.3000537109374,4435.585355737179,3842.3504680680844,257.5295026791031,319.8327639907261,4419.712734737914,15.872620999265564
204.40005371093753,4293.139097919054,3856.387638355918,246.11340941695104,298.0981591708852,4400.599206943754,-107.46010902470061
204.50005371093744,4281.503051700743,3870.4248086437196,235.4371473082184,278.48697722823556,4384.348933180174,-102.84588147943123
204.60005371093735,4422.258843575444,3884.461978931521,225.4383701817069,260.7336590643573,4370.634008177585,51.62483539785899
204.70005371093748,4383.286754781272,3898.499149219355,216.0611408423928,244.61256149247066,4359.172851554218,24.113903227053925
204.8000537109374,4401.2547818134635,3912.536319507157,207.25515912151317,229.9310251662655,4349.722503794936,51.532278018527904
204.90005371093753,4421.782673467474,3926.5734897949897,198.97509590244422,216.52379685630427,4342.072382553738,79.71029091373566
205.00005371093744,4285.92221142569,3940.6106600827916,191.18001687103032,204.24851380834068,4336.039190762162,-50.11697933647247
205.10005371093735,4442.126387726708,3954.6478303705935,183.83288247969924,192.9820268201843,4331.462739670477,110.66364805623107
205.20005371093748,4719.731285504756,3968.6850006584273,176.9001128547888,182.61738984912154,4328.202503362338,391.5287821424181
205.3000537109374,4632.379058903499,3982.722170946229,170.35120821126714,173.0613824659728,4326.134761623469,306.24429728002997
205.40005371093753,4516.1382499573065,3996.759341234063,164.15841684936916,164.23246069816733,4325.1502187815995,190.98803117570696
205.50005371093744,4576.596216533919,4010.796511521864,158.2964440553274,156.05905414617686,4325.152009723368,251.4442068105509
205.60005371093735,4593.320535074493,4024.833681809666,152.74219626098682,148.47814444535814,4326.054022516011,267.26651255848174
205.70005371093748,4647.700145417631,4038.8708520974997,147.4745556771335,141.4340734523888,4327.779481227022,319.9206641906085
205.8000537109374,4759.777218667233,4052.9080223853016,142.47418133154036,134.87753989536148,4330.259743612203,429.51747505502954
205.90005371093753,4591.353217874274,4066.9451926731344,137.72333304246933,128.76475133954315,4333.433277055147,257.9199408191271
206.00005371093744,4651.553083256039,4080.9823629609364,133.20571536205793,123.05670470848023,4337.244783031474,314.30830022456485
206.10005371093735,4626.665625426491,4095.0195332487383,128.90633894702444,117.71857365411361,4341.644445849876,285.0211795766145
206.20005371093748,4556.030717046395,4109.056703536572,124.81139717235148,112.71918509084655,4346.58728579977,209.44343124662464
206.3000537109374,4638.158887468239,4123.093873824373,120.90815610589637,108.03057042120027,4352.03260035147,286.12628711676916
206.40005371093753,4591.584037425386,4137.131044112207,117.18485621881223,103.62757956075055,4357.94347989177,233.64055753361572
206.50005371093744,4671.29114336068,4151.168214400009,113.63062442555776,99.48754795122555,4364.286386776792,307.0047565838877
206.60005371093735,4609.5099356775945,4165.205384687811,110.23539523324654,95.59000843551838,4371.030788356576,238.4791473210189
206.70005371093748,4597.674180270666,4179.242554975644,106.98983994001865,91.91644123984453,4378.1488361555075,219.52534411515808
206.8000537109374,4597.570327223247,4193.2797252634455,103.88530295846779,88.45005642739729,4385.61508464931,211.95524257393663
206.90005371093753,4557.523524175116,4207.316895551279,100.91374445759563,85.17560410562905,4393.406244114504,164.11728006061185
207.00005371093744,4603.30687982946,4221.354065839081,98.0676886180953,82.07920842468715,4401.500962881863,201.80591694759642
207.10005371093735,4691.67370364118,4235.391236126883,95.34017688260188,79.14822202766614,4409.879635037151,281.7940686040283
207.20005371093748,4606.75261448319,4249.428406414716,92.72472565835585,76.37109813048956,4418.524230203561,188.2283842796287
207.3000537109374,4778.686830396777,4263.465576702518,90.21528799482714,73.73727783856894,4427.418142535914,351.2686878608629
207.40005371093753,4635.687739903081,4277.502746990352,87.80621881560543,71.23709066576671,4436.546056471724,199.1416834313568
207.50005371093744,4571.975398002027,4291.539917278154,85.49224333341007,68.86166652123664,4445.893827132801,126.0815708692262
207.60005371093735,4401.335265372,4305.5770875659555,83.26842831976887,66.60285768103084,4455.448373566755,-54.113108194755114
207.70005371093748,4284.926643479391,4319.614257853789,81.13015593877938,64.45316947350925,4465.197583266078,-180.27093978668745
207.8000537109374,4394.134006448116,4333.65142814159,79.07309988701054,62.405698586177444,4475.130226614779,-80.99622016666217
207.90005371093753,4454.236851411247,4347.688598429424,77.09320361039934,60.454078052945476,4485.235880092769,-30.99902868152185
208.00005371093744,4202.16286067088,4361.725768717226,75.1866603944166,58.59242810940767,4495.50485722105,-293.3419965501698
208.10005371093735,4266.217864814695,4375.762939005027,73.34989514572383,56.81531221278036,4505.928146363532,-239.71028154883697
208.20005371093748,4366.200091594984,4389.800109292862,71.57954770335256,55.11769761662091,4516.497354612835,-150.29726301785104
208.3000537109374,4245.335308528245,4403.837279580663,69.87245753451765,53.49491997001068,4527.204657085191,-281.8693485569456
208.40005371093753,4352.645188175232,4417.874449868496,68.22564968542184,51.942651479231735,4538.04275103315,-185.39756285791827
208.50005371093744,4112.359721962076,4431.911620156298,66.63632187101778,50.45687222879905,4549.004814256115,-436.6450922940394
208.60005371093735,4199.249477220384,4445.948790444099,65.10183259941765,49.03384430904884,4560.084467352566,-360.8349901321826
208.70005371093748,4161.239185926321,4459.985960731933,63.61969023744363,47.67008844129905,4571.275739410676,-410.03655348435495
208.8000537109374,4152.763873576759,4474.023131019735,62.18754293308631,46.36236282917901,4582.573036782001,-429.80916320524193
208.90005371093753,3979.2182567530344,4488.060301307569,60.80316931901881,45.10764399741182,4593.971114624,-614.7528578709653
209.00005371093744,4084.4417895946576,4502.09747159537,59.464469928884675,43.90310940780372,4605.465050932058,-521.0232613374005
209.10005371093735,4089.3367814145086,4516.134641883173,58.16945926455041,42.746121666706,4617.050222814429,-527.7134413999202
209.20005371093748,4010.8450426610384,4530.1718121710055,56.91625845863222,41.634214159882895,4628.722284789521,-617.8772421284825
209.3000537109374,4018.7165274070476,4544.208982458807,55.70308848180556,40.565077969390586,4640.477148910004,-621.7606215029564
209.40005371093753,4098.410342899361,4558.246152746641,54.5282638491712,39.536549943503836,4652.310966539316,-553.9006236399546
209.50005371093744,3988.2483350391803,4572.283323034442,53.39018678431086,38.5466018052005,4664.220111623954,-675.9717765847736
209.60005371093735,4007.55296191309,4586.320493322244,52.28734180334108,37.5933301972091,4676.201165322795,-668.6482034097048
209.70005371093748,4094.2301477858414,4600.357663610078,51.21829068486296,36.67494757286064,4688.250901867801,-594.0207540819597
209.8000537109374,4004.1260742449904,4614.39483389788,50.18166779470215,35.78977385167702,4700.366275544259,-696.2402012992688
209.90005371093753,4026.703581466834,4628.432004185713,49.17617573712504,34.93622876725763,4712.544408690095,-685.8408272232614
210.00005371093744,4059.5216710421673,4642.4691744735155,48.200581306809674,34.1128248427116,4724.782580623037,-665.2609095808693
210.10005371093735,3924.3128922826645,4656.5063447613165,47.25371171798621,33.31816093550956,4737.078217414813,-812.7653251321481
210.20005371093748,4037.829613417056,4670.54351504915,46.33445108933724,32.55091629970776,4749.428882438196,-711.5992690211397
210.3000537109374,4005.164520922414,4684.580685336952,45.44173716501683,31.809845118722432,4761.832267620692,-756.6677466982778
210.40005371093753,4110.252305135892,4698.617855624785,44.574558253827796,31.093771466542158,4774.286185345155,-664.0338802092629
210.50005371093744,3997.9890105847876,4712.655025912587,43.73195037018521,30.401584659509982,4786.788560942282,-788.7995503574944
210.60005371093735,3930.752595395882,4726.692196200389,42.912994561759,29.732234964442895,4799.3374257265905,-868.5848303307084
210.70005371093748,4154.1907063514545,4740.729366488223,42.11681441004935,29.084729632274303,4811.9309105305465,-657.740204179092
210.8000537109374,4234.856109425101,4754.766536776024,41.34257369121313,28.458129229316633,4824.567239696554,-589.7111302714529
210.90005371093753,4184.286798685463,4768.803707063858,40.58947418549644,27.851544240901934,4837.244725490256,-652.9579268047937
211.00005371093744,4217.148867888042,4782.840877351659,39.8567536246295,27.264131924586092,4849.961762900875,-632.812895012833
211.10005371093735,4292.807759495947,4796.878047639461,39.14368376729983,26.695093392155908,4862.7168247989175,-569.9090653029707
211.20005371093748,4151.713830577711,4810.915217927295,38.44956859369618,26.14367090166977,4875.508457422661,-723.7946268449505
211.3000537109374,4141.350866634024,4824.952388215096,37.773742610767314,25.609145342431926,4888.335276168295,-746.9844095342714
211.40005371093753,4232.997349943123,4838.989558502931,37.1155692604936,25.09083389735035,4901.195961660775,-668.198611717652
211.50005371093744,4314.55450435067,4853.026728790732,36.47443942411778,24.588087868562937,4914.089256083413,-599.5347517327427
211.60005371093735,4243.948763630223,4867.063899078534,35.849770015740994,24.100290653405246,4927.01395974768,-683.0651961174572
211.70005371093748,4340.767279522628,4881.1010693663675,35.24100265927214,23.626855858992442,4939.968927884632,-599.2016483620037
211.8000537109374,4347.818170011427,4895.1382396541685,34.64760244312162,23.167225544669005,4952.953067641959,-605.1348976305317
211.90005371093753,4223.312031627851,4909.175409942002,34.06905674745167,22.72086858250779,4965.9653352719615,-742.6533036441106
212.00005371093744,4426.217640602617,4923.212580229804,33.5048741392267,22.28727912691426,4979.004733495945,-552.787092893328
212.10005371093735,4480.725995968335,4937.249750517606,32.954583330585315,21.865975185092957,4992.0703090332845,-511.34431306494935
212.20005371093748,4495.596291407894,4951.286920805439,32.417732196453315,21.456497280878924,5005.161150282771,-509.56485887487725
212.3000537109374,4262.024140372225,4965.324091093242,31.893886847568254,21.05840720502501,5018.276385145835,-756.2522447736101
212.40005371093753,4446.398639961471,4979.361261381075,31.382630755362044,20.671286845606026,5031.415178982043,-585.0165390205711
212.50005371093744,4465.117688120485,4993.398431668877,30.883563925442886,20.294737092748534,5044.576732687068,-579.4590445665835
212.60005371093735,4434.518396622813,5007.4356019566785,30.396302116584035,19.928376812315058,5057.760280885577,-623.241884262764
212.70005371093748,4518.275520008027,5021.472772244511,29.92047610240713,19.571841883649412,5070.9650902305675,-552.6895702225402
212.8000537109374,4688.433852045461,5035.509942532313,29.45573097310385,19.224784296848377,5084.190457802266,-395.7566057568047
212.90005371093753,4698.856745649227,5049.547112820147,29.001725474724488,18.886871305383185,5097.435709600255,-398.5789639510276
213.00005371093744,4577.370887531929,5063.584283107949,28.558131383767595,18.557784630247077,5110.700199121964,-533.3293115900351
213.10005371093735,4526.948664323492,5077.62145339575,28.124632914902794,18.23721971205916,5123.983306022712,-597.0346416992197
213.20005371093748,4730.202505369205,5091.658623683585,27.70092615986084,17.92488500787006,5137.284434851315,-407.08192948211035
213.3000537109374,4585.409811290224,5105.695793971386,27.286718555621803,17.620501329636326,5150.603013856644,-565.19320256642
213.40005371093753,4744.522361378535,5119.732964259219,26.88172838015753,17.323801221560394,5163.938493860937,-419.41613248240265
213.50005371093744,4811.146744088548,5133.770134547021,26.485684274132186,17.034528373726076,5177.290347194879,-366.1436031063313
213.60005371093735,4762.352090115888,5147.807304834822,26.098324787018807,16.75243706961359,5190.658066691455,-428.305976575567
213.70005371093748,4872.240320039215,5161.844475122656,25.719397946240125,16.47729166529227,5204.041164734189,-331.80084469497433
213.8000537109374,5020.411651202349,5175.881645410458,25.348660848000467,16.20886609822689,5217.439172356685,-197.02752115433577
213.90005371093753,4951.254298696708,5189.918815698292,24.985879268561778,15.94694342378376,5230.851638390637,-279.5973396939289
214.00005371093744,4943.321538860234,5203.955985986093,24.63082729482556,15.691315377681235,5244.2781286586,-300.9565897983657
214.10005371093735,4984.557675205396,5217.993156273895,24.283286973109046,15.441781962721652,5257.7182252097255,-273.1605500043297
214.20005371093748,4907.959529971712,5232.0303265617285,23.943047975118663,15.198151058291675,5271.1715255951385,-363.21199562342645
214.3000537109374,4795.029039300226,5246.0674968495305,23.609907280157753,14.960238051203767,5284.637642180892,-489.6086028806658
214.40005371093753,4756.163708608699,5260.104667137364,23.283668872666027,14.727865486551602,5298.116201496582,-541.9524928878827
214.50005371093744,5032.901987312146,5274.141837425165,22.964143454269724,14.500862737362434,5311.606843616797,-278.704856304651
214.60005371093735,5031.837185579942,5288.179007712968,22.651148169531098,14.279065691883984,5325.109221574383,-293.27203599444056
214.70005371093748,4927.251877136581,5302.216178000801,22.34450634467528,14.062316457451091,5338.623000802927,-411.37112366634574
214.8000537109374,5039.059830549564,5316.253348288603,22.04404723859065,13.850463079930599,5352.147858607124,-313.0880280575602
214.90005371093753,5162.8206867628105,5330.290518576437,21.74960580544185,13.643359277810609,5365.683483659689,-202.86279689687854
215.00005371093744,5194.886869852781,5344.327688864238,21.46102246829717,13.440864190078935,5379.229575522614,-184.34270566983287
215.10005371093735,5122.447377524332,5358.36485915204,21.178142903170983,13.242842137066262,5392.785844192277,-270.3384666679449
215.20005371093748,5157.039008718444,5372.402029439873,20.90081783295319,13.049162393509132,5406.352009666336,-249.31300094789185
215.3000537109374,5224.976171376568,5386.439199727675,20.6289028307056,12.859698973120224,5419.927801531501,-194.9516301549329
215.40005371093753,5155.508071463472,5400.476370015508,20.362258131835937,12.674330423999974,5433.512958571344,-278.0048871078716
215.50005371093744,5092.918438241492,5414.513540303311,20.10074845470962,12.492939634281042,5447.107228392301,-354.1887901508089
215.60005371093735,5302.0178479695005,5428.550710591112,19.844242829251307,12.31541364741293,5460.710367067776,-158.69251909827562
215.70005371093748,5207.174145732382,5442.587880878946,19.592614433146707,12.14164348655428,5474.322138798647,-267.14799306626446
215.8000537109374,5505.390610824443,5456.625051166748,19.34574043525637,11.971523987559475,5487.942315589564,17.44829523487897
215.90005371093753,5253.332424839934,5470.6622214545805,19.1035018458753,11.804953640078644,5501.570676940534,-248.23825210060022
216.00005371093744,5484.699391742382,5484.699391742382,18.865783373512343,11.64183443633315,5515.207009552228,-30.507617809845215
