binding_energy_eV,raw_intensity,background,component:carbonyl_O,component:acid_hydroxyl_OH,total_fit,residual
525.0000537109374,22324.718396099608,22324.718396099608,331.22044255109023,105.55589494074248,22761.49473359144,-436.77633749183224
525.1000537109375,23242.960913490562,22356.578888851116,342.1607881263231,108.29336459180628,22807.033041569244,435.927871921318
525.2000537109375,22344.154421946037,22388.439381602624,353.64962396836717,111.13840761799388,22853.227413188986,-509.0729912429488
525.3000537109374,22635.221001804297,22420.299874354096,365.72404912099415,114.0967179146459,22900.120641389734,-264.8996395854374
525.4000537109374,22730.460530794986,22452.160367105604,378.42433619962645,117.17436995313223,22947.759073258363,-217.2985424633771
525.5000537109374,23030.91980703019,22484.02085985711,391.79426095323555,120.37784961776723,22996.192970428114,34.72683660207622
525.6000537109375,22385.290480024432,22515.88135260862,405.8814722099129,123.7140879875526,23045.476912806083,-660.1864327816511
525.7000537109375,22699.99781918115,22547.741845360128,420.73790792420067,127.19049838734982,23095.67025167168,-395.6724324905299
525.8000537109374,23000.213267630406,22579.6023381116,436.4202639652064,130.8150170738209,23146.837619150625,-146.62435152021862
525.9000537109374,22985.829257495076,22611.462830863107,452.99052337160066,134.59614796787184,23199.04950220258,-213.2202447075033
526.0000537109374,22284.518074024676,22643.323323614615,470.516555086032,138.5430118982473,23252.382890598896,-967.8648165742197
526.1000537109375,23243.392179822342,22675.183816366123,489.0727927094136,142.66540088172817,23306.922009957267,-63.52983013492485
526.2000537109375,22494.027926770257,22707.04430911763,508.74100563261294,146.97383803478073,23362.759152785024,-868.7312260147664
526.3000537109374,23111.97355420484,22738.904801869103,529.611177072786,151.47964379146217,23419.99562273335,-308.0220685285094
526.4000537109374,22855.93403986147,22770.76529462061,551.7825061382027,156.1950091943062,23478.74280995312,-622.8087700916512
526.5000537109374,22731.89017736475,22802.625787372115,575.3645541620724,161.133077130773,23539.12341866496,-807.2332413002114
526.6000537109375,22632.180248036562,22834.486280123623,600.4785593005352,166.30803251043073,23601.27287193459,-969.0926238980283
526.7000537109375,22770.08435613843,22866.34677287513,627.2589479248936,171.73520251953514,23665.34092331956,-895.256567181128
526.8000537109374,23153.8413552988,22898.207265626603,655.8550768399243,177.43116825409365,23731.493510720622,-577.6521554218234
526.9000537109374,23138.833560648523,22930.06775837811,686.4332470638587,183.4138892234992,23799.914894665468,-661.0813340169443
527.0000537109374,23325.581314116593,22961.92825112962,719.179038126629,189.7028424391445,23870.81013169539,-545.228817578798
527.1000537109375,22914.162028305756,22993.788743881127,754.3000220282659,196.31917806234773,23944.40794397174,-1030.2459156659825
527.2000537109375,22642.725141447158,23025.649236632635,792.0289288219107,203.28589388954393,24020.96405934409,-1378.2389178969315
527.3000537109374,23158.616429603542,23057.509729384106,832.6273523804612,210.628031309166,24100.765113073732,-942.14868347019
527.4000537109374,22527.265397397685,23089.370222135614,876.3901073235985,218.37289578356976,24184.133225242782,-1656.867827845097
527.5000537109374,23274.995426330308,23121.230714887122,923.6503802702363,226.5503054028681,24271.43140056023,-996.4359742299202
527.6000537109375,22746.20839372331,23153.09120763863,974.7858683245302,235.19287164111003,24363.069947604272,-1616.8615538809609
527.7000537109375,22915.890438061208,23184.95170039014,1030.2261802935589,244.3363171358581,24459.514197819553,-1543.6237597583458
527.8000537109374,23093.92615932184,23216.81219314161,1090.4619210079406,254.01983613298938,24561.29395028254,-1467.3677909606995
527.9000537109374,23367.240078161572,23248.672685893118,1156.0561409262573,264.2865042158803,24669.015331035254,-1301.775252873682
528.0000537109374,23065.998592069947,23280.533178644626,1227.6593089217588,275.1837451051526,24783.376232671537,-1717.3776406015895
528.1000537109375,23284.245329441306,23312.393671396134,1306.0298185667455,286.76386371367903,24905.18735367656,-1620.9420242352535
528.2000537109375,23098.227988492486,23344.254164147642,1392.0635229544894,299.08465632091566,25035.402343423048,-1937.174354930561
528.3000537109374,23518.941541757264,23376.114656899113,1486.8382793998803,312.21011075534415,25175.16304705434,-1656.221505297075
528.4000537109374,22937.892376863943,23407.97514965062,1591.6834496927538,326.2112119222519,25325.869811265628,-2387.977434401684
528.5000537109374,23683.36653624198,23439.83564240213,1708.2902578419714,341.16687098660526,25489.292771230706,-1805.926234988725
528.6000537109375,23449.078868894427,23471.696135153637,1838.8872237076391,357.1650001489861,25667.748359010264,-2218.669490115837
528.7000537109375,23439.13536790217,23503.556627905145,1986.5154414962444,374.3037594105273,25864.375828811917,-2425.2404609097466
528.8000537109374,23856.637658747404,23535.417120656617,2155.4500966430373,392.69300726452633,26083.560224564182,-2226.922565816778
528.9000537109374,24164.21063936205,23567.277613408125,2351.8244380649726,412.4559942698767,26331.558045742975,-2167.3474063809263
529.0000537109374,24903.215534630523,23599.138106159633,2584.51521958823,433.7313476258693,26617.384673373734,-1714.169138743211
529.1000537109375,24930.366764043578,23630.99859891114,2866.3365962516473,456.6754074218346,26954.01060258462,-2023.6438385410438
529.2000537109375,25041.119186701653,23662.85909166265,3215.5529620174593,481.46499358377736,27359.877047263886,-2318.757860562233
529.3000537109374,25737.447147239585,23694.719584414117,3657.650988402974,508.3007114394864,27860.671284256576,-2123.2241370169904
529.4000537109374,25714.533100662,23726.580077165625,4227.202356986817,537.4109525809931,28491.193386733437,-2776.6602860714374
529.5000537109374,26660.70192921049,23758.440569917133,4969.5065132743875,569.0568340875534,29297.003917279075,-2636.301988068586
529.6000537109375,27484.503529166348,23790.30106266864,5941.54781243239,603.5384758362549,30335.387350937286,-2850.883821770938
529.7000537109375,29298.680616410187,23822.16155542015,7211.672611483271,641.2032997437351,31675.037466647154,-2376.356850236967
529.8000537109374,30585.232835407118,23854.02204817162,8857.343176253395,682.4575408425904,33393.82276526761,-2808.589929860489
529.9000537109374,32017.913660899598,23885.88254092313,10960.413220002356,727.7830336443362,35574.078794569825,-3556.165133670227
530.0000537109374,34622.34509623753,23917.743033674637,13599.630637646213,777.7627833430428,38295.136454663894,-3672.791358426366
530.1000537109375,38633.194961641966,23949.603526426145,16840.4921802662,833.1211051810715,41623.21681187341,-2990.0218502314456
530.2000537109375,43407.657051229406,23981.464019177653,20723.058766470742,894.7874738880174,45599.31025953641,-2191.653208307005
530.3000537109374,49190.508813995024,24013.324511929124,25248.705019820856,963.9978143683833,50226.02734611837,-1035.518532123344
530.4000537109374,55294.1228381373,24045.185004680632,30366.78477045642,1042.4526153090392,55454.422390446096,-160.29955230879568
530.5000537109374,62018.33822972739,24077.04549743214,35961.692160885985,1132.5571737764362,61171.29483209456,847.043397632835
530.6000537109375,70344.68999206419,24108.905990183648,41840.04691301379,1237.7737232530114,67186.72662645046,3157.9633656137303
530.7000537109375,77121.51097907321,24140.766482935156,47717.98577372964,1363.115134534778,73221.86739119957,3899.6435878736374
530.8000537109374,81849.86184924259,24172.626975686628,53212.45908490924,1515.8009962677509,78900.88705686362,2948.974792378969
530.9000537109374,85797.65513402318,24204.487468438136,57850.41122488186,1706.0741247786332,83760.97281809863,2036.6823159245541
531.0000537109374,88020.3203832304,24236.347961189644,61120.94227818244,1948.1345057374833,87305.42474510957,714.8956381208263
531.1000537109375,88480.48927456983,24268.20845394115,62587.66414476945,2261.086868244849,89116.95946695545,-636.4701923856192
531.2000537109375,87023.80374019707,24300.06894669266,62031.21051894377,2669.7219494716564,89001.00141510808,-1977.197674911018
531.3000537109374,84933.35620434307,24331.92943944413,59536.643613784654,3204.8729610296423,87073.44601425843,-2140.0898099153565
531.4000537109374,82177.37005569425,24363.78993219564,55458.332977427766,3903.030122185426,83725.15303180883,-1547.782976114584
531.5000537109374,78010.0716781385,24395.650424947147,50290.513218724554,4804.886294446616,79491.04993811832,-1480.97825997982
531.6000537109375,74227.87207527917,24427.510917698655,44533.4711671406,5952.553455097324,74913.53553993658,-685.6634646574093
531.7000537109375,70494.48706676484,24459.371410450163,38614.24860565515,7385.346547946669,70458.96656405198,35.52050271285407
531.8000537109374,67170.12073718857,24491.231903201635,32861.33033575752,9134.261658589796,66486.82389754895,683.2968396396172
531.9000537109374,64879.69100059901,24523.092395953143,27507.730926472144,11215.519476350215,63246.342798775506,1633.3482018235009
532.0000537109374,62396.596438457775,24554.95288870465,22702.819244397622,13623.697870697048,60881.47000379932,1515.1264346584576
532.1000537109375,60984.21524971856,24586.81338145616,18525.194966660332,16324.918169055536,59436.926517172025,1547.2887325465344
532.2000537109375,61178.38594122411,24618.673874207663,14995.505630139094,19250.232232530365,58864.41173687712,2313.9742043469887
532.3000537109374,59783.53489687333,24650.53436695914,12089.613498434845,22289.01316840975,59029.161033803735,754.3738630695952
532.4000537109374,60239.8059061148,24682.394859710643,9751.98777174429,25282.605470806728,59716.98810226166,522.8178038531405
532.5000537109374,61431.557832630606,24714.25535246215,7908.506039889228,28021.235785889538,60643.99717824091,787.5606543896938
532.6000537109375,60098.4278435518,24746.11584521366,6477.629695967149,30252.98362417052,61476.729165351324,-1378.3013217995249
532.7000537109375,61645.98662445502,24777.976337965167,5379.1499970253435,31718.195913584168,61875.32224857468,-229.33562411965977
532.8000537109374,60639.3338128923,24809.83683071664,4540.158957068257,32214.004329201605,61564.0001169865,-924.6663040942003
532.9000537109374,56826.82634211486,24841.697323468146,3898.3650234586125,31665.165341201096,60405.22768812785,-3578.4013460129936
533.0000537109374,56323.917837069355,24873.557816219654,3403.212255912492,30154.764566050093,58431.53463818224,-2107.616801112883
533.1000537109375,55124.4493643525,24905.418308971162,3015.4260580299233,27890.448412098573,55811.29277909966,-686.8434147471635
533.2000537109375,52454.95114243208,24937.27880172267,2705.615529229837,25132.82741031884,52775.72174127135,-320.77059883926995
533.3000537109374,49403.676576517224,24969.139294474142,2452.4628678402623,22132.22351350737,49553.825675821776,-150.14909930455178
533.4000537109374,47793.46242070628,25000.99978722565,2240.881284363127,19095.842646885976,46337.72371847475,1455.7387022315306
533.5000537109374,44840.90459949508,25032.860279977158,2060.3712599354963,16179.741649586656,43272.97318949931,1567.93140999577
533.6000537109375,42066.65957968083,25064.720772728666,1903.6795783639968,13492.241127813504,40460.64147890617,1606.018100774665
533.7000537109375,39386.51614933851,25096.581265480174,1765.7779454660752,11100.324880635268,37962.68409158152,1423.8320577569903
533.8000537109374,37962.90777050844,25128.441758231646,1643.127169431164,9036.245108235737,35807.81403589855,2155.0937346098945
533.9000537109374,35428.77130331117,25160.302250983153,1533.1709656863852,7304.142540170989,33997.61575684053,1431.1555464706398
534.0000537109374,33306.13848908441,25192.16274373466,1434.0006151608384,5886.870102374809,32513.033461270308,793.1050278141047
534.1000537109375,32662.600671470376,25224.02323648617,1344.13913855823,4752.852175730432,31321.01455077483,1341.586120695545
534.2000537109375,31640.180334502795,25255.883729237677,1262.404940290234,3862.5052139960503,30380.793883523962,1259.3864509788327
534.3000537109374,30775.84803392278,25287.74422198915,1187.8261449498095,3173.699534390308,29649.269901329266,1126.5781325935131
534.4000537109374,29661.878845916228,25319.604714740657,1119.5862446575914,2645.9026964201457,29085.093655818393,576.7851900978349
534.5000537109374,29394.070021843574,25351.465207492165,1056.9886788437996,2242.8904204139794,28651.344306749943,742.7257150936312
534.6000537109375,28507.615627193936,25383.325700243673,999.4327772197211,1934.1386745277694,28316.897151991165,190.71847520277151
534.7000537109375,28124.42230605856,25415.18619299518,946.3965910888417,1695.1628036950056,28056.745587779027,67.67671827953382
534.8000537109374,28352.204556674125,25447.046685746653,897.4240254036165,1507.1318235474384,27851.602534697708,500.60202197641775
534.9000537109374,28351.019365949818,25478.907178498157,852.1147856853548,1356.0729280661405,27687.094892249654,663.9244737001645
535.0000537109374,28371.619303492156,25510.76767124967,810.116275791288,1231.9209178360318,27552.804864876987,818.8144386151689
535.1000537109375,27255.203709503934,25542.628164001173,771.1169262177168,1127.5883645918302,27441.33345481072,-186.12974530678548
535.2000537109375,28267.039327808703,25574.48865675268,734.8406218264175,1038.1567398035772,27347.486018382675,919.5533094260281
535.3000537109374,28380.33140871183,25606.349149504153,701.04200394536,960.228904468255,27267.620057917768,1112.711350794063
535.4000537109374,27906.309892334775,25638.20964225566,669.5024839237349,891.4433236760942,27199.15544985549,707.1544424792846
535.5000537109374,28654.23914293402,25670.07013500717,640.026844087958,830.1284474448246,27140.22542653995,1514.0137163940708
535.6000537109375,27844.435124079024,25701.930627758677,612.4403282451418,775.0673914902832,27089.438347494102,754.9967765849215
535.7000537109375,27603.36504362953,25733.791120510185,586.5861427860665,725.3433157018754,27045.720578998127,557.6444646314012
535.8000537109374,28598.151798916933,25765.651613261656,562.3233037962574,680.2404809046424,27008.215397962555,1589.9364009543788
535.9000537109374,28281.85628697766,25797.512106013164,539.5247768641227,639.1819097928512,26976.218792670137,1305.6374943075243
536.0000537109374,28173.957863305703,25829.372598764672,518.0758653238684,601.6901862623965,26949.13865035094,1224.8192129547642
536.1000537109375,28182.87304907292,25861.23309151618,497.8728100185639,567.362453662029,26926.468355196772,1256.4046938761494
536.2000537109375,28968.569986000435,25893.093584267688,478.8215696844071,535.853970081769,26907.769124033865,2060.8008619665707
536.3000537109374,28578.85238660373,25924.95407701916,460.83675600591476,506.8668033913629,26892.657636416436,1686.1947501872928
536.4000537109374,28663.219877053725,25956.814569770668,443.84070148112295,480.14165948216316,26880.796930733955,1782.4229463197698
536.5000537109374,29295.108660318954,25988.675062522176,427.76264162694787,455.45168732128735,26871.88939147041,2423.2192688485447
536.6000537109375,29033.803906998295,26020.535555273684,412.53799587460543,432.5975960057626,26865.67114715405,2168.132759844244
536.7000537109375,28432.710113990863,26052.39604802519,398.10773385896636,411.40369463908115,26861.90747652324,1570.8026374676228
536.8000537109374,28686.63549858307,26084.256540776663,384.4178157745285,391.7146177628804,26860.38897431407,1826.2465242689977
536.9000537109374,28193.77765148883,26116.11703352817,371.4186971232569,373.39258289073234,26860.92831354216,1332.8493379466672
537.0000537109374,28311.551813678278,26147.97752627968,359.0648895704369,356.3150740877481,26863.357489937865,1448.194323740412
537.1000537109375,29050.657513482365,26179.838019031187,347.3145707974742,340.37287371971223,26867.525463548372,2183.1320499339927
537.2000537109375,28735.70773065293,26211.698511782695,336.1292372337098,325.4683824585338,26873.296131474937,1862.4115991779945
537.3000537109374,28600.442801536155,26243.559004534167,325.47339439083413,311.5141799640626,26880.546578889065,1719.8962226470903
537.4000537109374,28947.01608494406,26275.419497285675,315.3142802392603,298.4317876931263,26889.16556521806,2057.850519726002
537.5000537109374,29062.359252205133,26307.279990037183,305.62161767606136,286.15060221529524,26899.05220992854,2163.3070422765923
537.6000537109375,28662.848893081,26339.14048278869,296.36739265477485,274.60697289208366,26910.11484833555,1752.7340447454517
537.7000537109375,27579.1117332798,26371.0009755402,287.52565499400623,263.74340218729253,26922.2700327215,656.8417005582996
537.8000537109374,28745.942629064506,26402.86146829167,279.0723392644176,253.50785046606728,26935.441658022155,1810.500971042351
537.9000537109374,28395.4418997607,26434.72196104318,270.9851034830145,243.85313008324852,26949.560194609443,1445.881705151256
538.0000537109374,28294.01153728021,26466.582453794683,263.2431836276332,234.73637598619044,26964.562013408507,1329.4495238717027
538.1000537109375,27877.147959493766,26498.442946546194,255.82726222929233,226.1185820618055,26980.388790837293,896.7591686564738
538.2000537109375,27919.081137035642,26530.3034392977,248.71934951250483,217.96419412184687,26996.986982932052,922.09415410359
538.3000537109374,27853.737297308704,26562.163932049174,241.9026757373439,210.24075180531437,27014.307359591832,839.4299377168718
538.4000537109374,28126.664910341977,26594.02442480068,235.36159355682332,202.9185728334388,27032.30459119094,1094.3603191510374
538.5000537109374,28579.376069459693,26625.884917552186,229.08148934233733,195.97047402137122,27050.936880915895,1528.439188543798
538.6000537109375,27765.36079705504,26657.745410303694,223.0487025508628,189.37152426372256,27070.16563711828,695.1951599367603
538.7000537109375,27044.71286780824,26689.605903055202,217.25045231378147,183.0988253962793,27089.955180765264,-45.24231295702339
538.8000537109374,27653.270780149418,26721.466395806674,211.6747705196698,177.1313174143001,27110.272483740642,542.9982964087758
538.9000537109374,28254.045649455424,26753.326888558182,206.31044074461607,171.4496050173127,27131.086934320112,1122.9587151353116
539.0000537109374,27026.654946791015,26785.18738130969,201.1469424550317,166.0358028658806,27152.3701266306,-125.7151798395862
539.1000537109375,27438.721513820783,26817.047874061198,196.17439997038687,160.87339728898738,27174.09567132057,264.62584250021246
539.2000537109375,27149.96844974984,26848.908366812706,191.38353572872538,155.94712248231164,27196.239025023744,-46.270575273905706
539.3000537109374,27409.533622487023,26880.768859564178,186.76562744637826,151.24284949514603,27218.7773365057,190.75628598132243
539.4000537109374,26999.141987493877,26912.629352315686,182.31246880631807,146.7474865244332,27241.689307646437,-242.54732015256013
539.5000537109374,26922.805545153296,26944.489845067194,178.0163333477528,142.44888922400148,27264.955067638948,-342.1495224856517
539.6000537109375,27231.390323581563,26976.3503378187,173.86994126308852,138.33577989996022,27288.55605898175,-57.16573540018726
539.7000537109375,26651.920001753355,27008.21083057021,169.8664288384843,134.39767460401106,27312.474934012705,-660.5549322593506
539.8000537109374,27438.74397541038,27040.07132332168,165.9993203006893,130.62481725781592,27336.695460880186,102.04851453019364
539.9000537109374,27010.142174433455,27071.93181607319,162.26250185649783,127.00812004675657,27361.202437976444,-351.06026354298956
540.0000537109374,26847.487627753657,27103.792308824697,158.65019773230094,123.53910941275176,27385.98161596975,-538.4939882160943
540.1000537109375,27426.406230507346,27135.652801576205,155.15694803984317,120.2098770549514,27411.019626671,15.386603836344875
540.2000537109375,26775.14837971864,27167.513294327713,151.77758831121673,117.01303541633015,27436.30391805526,-661.1555383366176
540.3000537109374,26395.001753811553,27199.37378707918,148.50723056103575,113.94167719434934,27461.822694834565,-1066.820941023012
540.4000537109374,26296.726909838064,27231.234279830693,145.34124574716338,110.98933846649874,27487.564864044354,-1190.8379542062903
540.5000537109374,26374.542775032183,27263.094772582197,142.2752475134701,108.1499650676711,27513.519985163337,-1138.9772101311537
540.6000537109375,27201.80082764332,27294.95526533371,139.30507710877094,105.41788189660063,27539.67822433908,-337.87739669575967
540.7000537109375,26339.435586505057,27326.815758085213,136.42678938591825,102.7877648641986,27566.03031233533,-1226.594725830273
540.8000537109374,26171.37012434698,27358.67625083669,133.63663979367516,100.25461522776006,27592.567505858122,-1421.1973815111414
540.9000537109374,25846.69271870277,27390.536743588193,130.93107228185323,97.8137360825183,27619.281551952565,-1772.5888332497962
541.0000537109374,26688.11003898678,27422.397236339704,128.30670804733833,95.46071080634466,27646.164655193388,-958.0546162066094
541.1000537109375,26947.30944287483,27454.25772909121,125.76033505490412,93.19138327473341,27673.209447420846,-725.9000045460161
541.2000537109375,26798.206552363477,27486.11822184272,123.28889827259245,91.00183968228882,27700.4089597976,-902.2024074341243
541.3000537109374,26492.272999625424,27517.97871459419,120.8894905665889,88.88839182369175,27727.75659698447,-1235.4835973590452
541.4000537109374,26478.95735265085,27549.839207345696,118.5593442052446,86.84756170205324,27755.246113252993,-1276.2887606021432
541.5000537109374,26250.808300037224,27581.699700097204,116.29582292622305,84.87606734587443,27782.8715903693,-1532.0632903320766
541.6000537109375,26824.792546887067,27613.560192848712,114.09641452453167,82.97080972755421,27810.627417100797,-985.83487021373
541.7000537109375,26254.483645542794,27645.42068560022,111.95872392280947,81.12886068698802,27838.50827021002,-1584.024624667225
541.8000537109374,26696.50297016457,27677.28117835169,109.8804666883824,79.34745177313795,27866.509096813214,-1170.0061266486446
541.9000537109374,26762.454858506077,27709.1416711032,107.85946296450537,77.62396392484156,27894.625097992546,-1132.1702394864697
542.0000537109374,26504.98343448816,27741.002163854708,105.89363178589934,75.95591791966416,27922.85171356027,-1417.8682790721105
542.1000537109375,26104.182180839543,27772.862656606216,103.98098575101724,74.34096552624483,27951.18460788348,-1847.0024270439353
542.2000537109375,26504.85742611766,27804.723149357724,102.11962602574869,72.77688130167704,27979.61965668515,-1474.7622305674886
542.3000537109374,27029.426816825777,27836.583642109195,100.30773765522873,71.26155498082727,28008.152934745252,-978.7261179194757
542.4000537109374,26639.777804599056,27868.444134860703,98.5435851622451,69.79298440935382,28036.7807044323,-1397.0028998332455
542.5000537109374,27301.544959186565,27900.30462761221,96.82550841244958,68.36926897658915,28065.49940500125,-763.9544458146847
542.6000537109375,27148.327076261296,27932.16512036372,95.15191872803531,66.98860350832325,28094.305642600077,-945.9785663387811
542.7000537109375,26918.707776233834,27964.025613115227,93.52129523301105,65.64927258313203,28123.19618093137,-1204.4884046975349
542.8000537109374,27519.81124224908,27995.8861058667,91.93218141444282,64.34964523906022,28152.167932520202,-632.3566902711209
542.9000537109374,27471.46452190142,28027.746598618207,90.38318188520913,63.08817004036144,28181.217950543778,-709.7534286423579
543.0000537109374,26885.710680810906,28059.60709136971,88.87295933492751,61.8633704766415,28210.343421181282,-1324.6327403703763
543.1000537109375,26852.815218548407,28091.467584121223,87.40023165663665,60.673840669065974,28239.541656446927,-1386.72643789852
543.2000537109375,27241.608935399512,28123.328076872727,85.96376923778807,59.51824136048898,28268.810087471003,-1027.2011520714914
543.3000537109374,26738.190712617943,28155.188569624203,84.56239240490076,58.39529616827467,28298.14625819738,-1559.9555455794361
543.4000537109374,26768.210972146964,28187.049062375707,83.19496901200037,57.30378808034972,28327.547819468058,-1559.336847321094
543.5000537109374,27422.193154621244,28218.90955512722,81.86041216370396,56.24255617665387,28357.012523467576,-934.8193688463325
543.6000537109375,26947.331947111554,28250.770047878723,80.5576780644057,55.21049255956952,28386.538218502697,-1439.2062713911437
543.7000537109375,27338.33894572266,28282.630540630234,79.28576398567556,54.206539478283446,28416.122844094192,-1077.7838983715337
543.8000537109374,27427.959511665325,28314.491033381702,78.04370634450359,53.22968663321692,28445.764426359423,-1017.8049146940975
543.9000537109374,28097.429452064713,28346.351526133214,76.8305788855357,52.27896864776486,28475.461073666516,-378.03162160180364
544.0000537109374,27835.04583054839,28378.21201888472,75.64549096094538,51.353462695611874,28505.210972541277,-670.1651419928858
544.1000537109375,27350.51387034701,28410.07251163623,74.48758590197336,50.452286272773335,28535.012383810976,-1184.4985134639646
544.2000537109375,28593.909613658336,28441.933004387734,73.3560394766193,49.57459510438852,28564.86363896874,29.045974689594004
544.3000537109374,28565.307315626982,28473.793497139206,72.25005842831462,48.7195811770377,28594.763136744557,-29.455821117575397
544.4000537109374,27652.158015513636,28505.653989890714,71.16887909075123,47.886470888060245,28624.709339869525,-972.5513243558889
544.5000537109374,28616.858758639708,28537.514482642222,70.11176607438684,47.0745233040131,28654.70077202062,-37.84201338091225
544.6000537109375,28451.000011670916,28569.37497539373,69.07801102039876,46.28302852096639,28684.736014935093,-233.73600326417727
544.7000537109375,28170.216138751366,28601.235468145238,68.06693141817844,45.51130611990816,28714.813705683326,-544.5975669319596
544.8000537109374,28605.247129481562,28633.09596089671,67.0778694826876,44.758703711008465,28744.932534090407,-139.6854046088447
544.9000537109374,28827.568482362527,28664.956453648218,66.11019108823527,44.02459556095058,28775.091240297403,52.4772420651243
545.0000537109374,28696.816946399726,28696.816946399726,65.16328475547729,43.30838129797461,28805.288612453176,-108.47166605345046
