binding_energy_eV,raw_intensity,background,component:aromatic_C-C_C=C,component:C-N_C-Cl,component:methoxy_C,component:imide_N-C=O,component:acid_O-C=O,component:pi-pi_star,total_fit,residual
275.00005371093744,9158.291117739363,9158.291117739363,260.6359151033586,50.54814991090236,15.156896258111402,20.409231978356296,5.3198062416280365,21.751002644416012,9532.112119876136,-373.8210021367722
275.10005371093735,8790.359254760213,9211.149276367603,266.22904525265557,51.54104938878901,15.437664887808284,20.733140249463638,5.39819840636241,22.03228293415976,9592.520657486843,-802.1614027266296
275.2000537109375,9152.434096119194,9264.007434995963,272.0038400158401,52.563461845677566,15.726302135524824,21.06481560046595,5.478335221287458,22.319037361318088,9653.163227176077,-500.7291310568835
275.3000537109374,8537.507727463659,9316.865593624203,277.9682380885924,53.616567338944705,16.023104576958136,21.4045081816129,5.560268814089045,22.611408432025012,9714.049689056425,-1176.5419615927658
275.4000537109375,9022.139127875467,9369.723752252565,284.1306157711978,54.70160543372032,16.328382882623306,21.75247828793052,5.644053272842767,22.909543304366945,9775.190431205247,-753.0513033297793
275.50005371093744,8306.349184072182,9422.581910880805,290.49981618011583,55.81987883633828,16.64246262875203,22.108996856577058,5.729744735100437,23.213593971168308,9836.596404088856,-1530.247220016674
275.60005371093735,9007.180432015411,9475.440069509044,297.08518075565314,56.97275728900285,16.96568516311249,22.474345992870536,5.817401481735832,23.52371745119162,9898.279157642612,-891.0987256272001
275.7000537109375,8724.658245855546,9528.298228137404,303.89658327352726,58.1616817472618,17.298408530020936,22.84881952687014,5.90708403583728,23.840075989178317,9960.2508812401,-1235.5926353845534
275.8000537109374,9092.70285065784,9581.156386765644,310.94446658999465,59.38816886399901,17.64100845921893,23.232723602563546,5.998855266961534,24.162837265205994,10022.524446813588,-929.8215961557471
275.9000537109375,9410.106928590636,9634.014545394004,318.2398823741537,60.65381580591798,17.993879423709572,23.626377301868686,6.092780501085603,24.492174613866766,10085.113455414607,-675.0065268239705
276.00005371093744,8557.835991895907,9686.872704022244,325.7945341071505,61.96030543088322,18.35743577207838,24.03011330579646,6.188927636609632,24.828267253775888,10148.032287528538,-1590.1962956326315
276.10005371093735,8799.500208035046,9739.730862650484,333.62082365872664,63.309411857400804,18.732112941373423,24.444278595350823,6.287367266800786,25.17130052799178,10211.296157498127,-1411.7959494630813
276.2000537109375,8579.377148645355,9792.589021278844,341.73190178406145,64.70300646042891,19.11836875713453,24.869235194893356,6.38817280908422,25.521466155922216,10274.921172440369,-1695.5440237950133
276.3000537109374,8562.116117832482,9845.447179907085,350.1417229218487,66.14306433120503,19.516684827804088,25.305360960945187,6.491420641624237,25.878962497353644,10338.924396087867,-1776.8082782553847
276.4000537109375,9305.516063176352,9898.305338535445,358.8651047166118,67.63167124256412,19.92756804143444,25.75305041963574,6.597190247671334,26.24399482928043,10403.323918032644,-1097.8078548562917
276.50005371093744,9323.89977699013,9951.163497163685,367.9177927347976,69.17103116531031,20.351552173326965,26.212715656228415,6.70556436817741,26.61677563622419,10468.13892889775,-1144.239151907619
276.60005371093735,8752.49056924312,10004.021655791925,377.31653089836806,70.76347438606666,20.789199614119998,26.684787260485738,6.816629163232005,26.9975249148222,10533.38980202902,-1780.8992327858996
276.7000537109375,8698.582007098814,10056.879814420285,387.07913821841254,72.41146628206907,21.241103228714692,27.169715331885428,6.9304743829002575,27.38647049346672,10599.098182357733,-1900.5161752589192
276.8000537109374,8988.606895450921,10109.737973048525,397.2245924795215,74.11761681431291,21.70788835748212,27.667970549063952,7.047193548095741,27.783848367856287,10665.287083164858,-1676.680187713937
276.9000537109375,9562.997021313262,10162.596131676884,407.7731216020598,75.88469080698755,22.190214972332754,28.18004530822811,7.1668841421697245,28.18990305337586,10731.980991562039,-1168.983970248777
277.00005371093744,9260.07838241884,10215.454290305124,418.7463034950567,77.71561908829068,22.68878000145398,28.70645493562995,7.289647813941215,28.60488795524954,10799.205983594746,-1539.1276011759055
277.10005371093735,8923.461988153545,10268.312448933364,430.1671753116022,79.613510576099,23.20431983798351,29.247738979694507,7.4155905929631825,29.029065757521607,10866.989849989228,-1943.5278618356824
277.2000537109375,8564.901882539742,10321.170607561726,442.060353128512,81.58166540092733,23.73761304939199,29.804462588799762,7.544823117867145,29.462708831938755,10935.362233679163,-2370.4603511394216
277.3000537109374,9106.634835583982,10374.028766189966,454.4521631991762,83.6235891690448,24.289483306129192,30.377217981265275,7.6774608787043634,29.9060996679101,11004.354780392196,-1897.7199448082138
277.4000537109375,9002.414003549842,10426.886924818325,467.37078607248986,85.74300848021956,24.86080255003875,30.96662601467624,7.813624474275091,30.359531324800034,11074.001303734825,-2071.587300184983
277.50005371093744,8821.353847624243,10479.745083446565,480.84641503389906,87.94388782745742,25.452494425179722,31.57333786224634,7.953439885505954,30.82330790785685,11144.33796638871,-2322.984118764467
277.60005371093735,8653.689766899524,10532.603242074805,494.9114305136735,90.23044802108463,26.06553799619897,32.19803680467815,8.097038766038224,31.297745069224177,11215.403479245702,-2561.713712346178
277.7000537109375,8640.971573081162,10585.461400703165,509.6005923205921,92.60718629591173,26.700971782060115,32.84144014665903,8.244558751267236,31.78317053552226,11287.239320535178,-2646.267747454016
277.8000537109374,8621.096725428291,10638.319559331405,524.9512518063121,95.07889827920646,27.359898136043594,33.50430126800248,8.39614378718628,32.27992466362445,11359.88997727178,-2738.793251843488
277.9000537109375,8856.958284675206,10691.177717959765,541.0035863484821,97.65070201855879,28.043488006380123,34.187411820358335,8.551944480501087,32.78836102636637,11433.403211660412,-2576.4449269852066
278.00005371093744,8519.308995910704,10744.035876588006,557.8008588647672,100.32806429274058,28.752986115702615,34.89160408136502,8.71211847159149,33.30884703000516,11507.830355444179,-2988.5213595334753
278.10005371093735,8053.030180838691,10796.894035216246,575.3897054469744,103.11682945650082,29.489716601950157,35.61775347930625,8.876830832049668,33.84176456543602,11583.226635598463,-3530.1964547597718
278.2000537109375,8249.25381390514,10849.752193844606,593.820454635902,106.0232511012709,30.255089168202005,36.36678130247288,9.04625448865221,34.387510695249254,11659.651535236355,-3410.3977213312155
278.3000537109374,8340.110203208458,10902.610352472846,613.147482360425,109.05402684969783,31.050605794539322,37.139657608833105,9.220570675795841,34.94649837889945,11737.169194141037,-3397.058990932579
278.4000537109375,8523.739983702415,10955.468511101206,633.4296071464379,112.21633664278487,31.87786807133827,37.937404353112115,9.399969418603886,35.519157238420874,11815.848853971904,-3292.1088702694888
278.50005371093744,8798.250501251101,11008.326669729446,654.7305308762648,115.51788492491642,32.73858522047639,38.76109874997462,9.58465004909,36.10593436725253,11895.76535391742,-3097.5148526663197
278.60005371093735,8317.688877149069,11061.184828357686,677.1193311697413,118.9669471860103,33.634582879140865,39.61187689393425,9.774821757999993,36.707295184992276,11976.999683429505,-3659.3108062804367
278.7000537109375,8666.538685656931,11114.042986986045,700.6710123760759,122.57242138121062,34.56781273004529,40.490937658551786,9.970704185164317,37.32372434103234,12059.639599658125,-3393.100914001194
278.8000537109374,9053.244659640746,11166.901145614287,725.4671232442234,126.3438848196098,35.54036307242371,41.39954689980658,10.172528051464676,37.95572667029056,12143.780318372106,-3090.53565873136
278.9000537109375,8274.239013793407,11219.759304242647,751.5964506032855,130.29165719519,36.55447044015373,42.33904199104576,10.380535835802366,38.603828204491045,12229.525288512616,-3955.2862747192084
279.00005371093744,8941.999861738383,11272.617462870887,779.1557998684132,134.42687052723838,37.61253238697123,43.31083671964288,10.594982500752064,39.26857724265296,12316.987062116557,-3374.9872003781747
279.10005371093735,8729.409262429283,11325.475621499127,808.2508749425815,138.76154688720825,38.71712157452944,44.31642657873352,10.816136270954377,39.950545484801836,12406.288273237935,-3676.8790108086523
279.2000537109375,8781.549553158191,11378.333780127487,838.9972721520353,143.30868491527045,39.871001316905364,45.357394490764555,11.044279468655652,40.650329233138386,12497.562741704256,-3716.013188546065
279.3000537109374,8630.666244593545,11431.191938755726,871.5216053089316,148.08235627746382,41.077142755883614,46.435417003559046,11.279709411240203,41.368550665274746,12590.95672017808,-3960.290475584534
279.4000537109375,8085.715137724927,11484.050097384086,905.9627819108241,153.09781338611478,42.33874386513084,47.552271003960385,11.522739376066937,42.105859184503935,12686.630306110688,-4600.915168385761
279.50005371093744,8742.226959546524,11536.908256012326,942.4734539586228,158.37160990638304,43.65925050870217,48.70984099891193,11.773699638419412,42.86293285239353,12784.759043875758,-4042.532084329234
279.60005371093735,8670.850193162287,11589.766414640566,981.2216710310576,163.92173580719583,45.04237981117081,49.91012701943531,12.032938588979809,43.64047990949937,12885.535746807906,-4214.685553645619
279.7000537109375,8787.46203085143,11642.624573268928,1022.392768226537,169.76776898979716,46.492146133237235,51.1552532089808,12.300823937842958,44.43924039035695,12989.17257415568,-4201.710543304251
279.8000537109374,8324.967482364229,11695.482731897167,1066.1915275693711,175.93104585172188,48.012889989389436,52.447477164619755,12.57774401281102,45.25998783945535,13095.903404324536,-4770.935921960307
279.9000537109375,8534.239319068041,11748.340890525527,1112.8446586939729,182.43485352647284,49.60931029377857,53.78920010734043,12.864109160496636,46.10353113543663,13205.986553443025,-4671.747234374983
280.00005371093744,9005.338201093444,11801.199049153767,1162.603653348263,189.30464699096586,51.28650037816307,55.18297796638224,13.16035325961512,46.97071643127959,13319.707897528437,-4314.369696434993
280.10005371093735,8497.95302260894,11854.057207782007,1215.748078862756,196.56829476994463,53.0499882935269,56.631533472617186,13.466935356856796,47.86242921896235,13437.38446775667,-4939.431445147731
280.2000537109375,8816.369624626614,11906.915366410367,1272.5893886412002,204.2563576036843,54.90578198593708,58.137769367035155,13.78434143678546,48.77959652768583,13559.368601972696,-4742.998977346082
280.3000537109374,8923.999699765935,11959.773525038607,1333.4753435313078,212.40240520662613,56.860420030281816,59.70478284319021,14.113086338448884,49.723189265558666,13686.05275225402,-4762.053052488085
280.4000537109375,8396.104347334458,12012.631683666967,1398.7951573577216,221.04337715487807,58.92102871499569,61.335881356879945,14.453715832752875,50.69422471547019,13817.875068799665,-5421.770721465207
280.50005371093744,8632.96477032876,12065.489842295206,1468.9855039341367,230.21999503216318,61.09538639993042,63.03459995257207,14.80680887615212,51.69376919670206,13955.325905686863,-5322.361135358104
280.60005371093735,8830.022052103628,12118.348000923448,1544.5375529474322,239.97723427981768,63.39199622272134,64.80472027491476,15.172980057966958,52.72294090492788,14098.955425611228,-5268.9333735076
280.7000537109375,8897.625997855714,12171.206159551806,1626.0052403802763,250.3648657837682,65.82016841031408,66.650291454703,15.552882260520866,53.782912944207,14249.382520785595,-5351.756522929882
280.8000537109374,9161.896347821856,12224.064318180048,1714.01502937423,261.4380791571337,68.39011366861641,68.57565308304325,15.947209553487497,54.87491656582897,14407.305319582389,-5245.408971760533
280.9000537109375,8746.326622866814,12276.922476808408,1809.2774866215498,273.2582020186279,71.11304938135822,70.58546051520493,16.356700346281535,56.00024463016079,14573.513620321592,-5827.186997454777
281.00005371093744,9185.645375079761,12329.780635436648,1912.6011014528488,285.89353242425125,74.00132065817299,72.68471277727345,16.7821408250527,57.160255308975785,14748.903698883223,-5563.258323803462
281.10005371093735,9022.526870722038,12382.638794064887,2024.908938210892,299.4203051133143,77.06853864368915,74.87878338544344,17.2243687040061,58.3563760474326,14934.496104169664,-5911.969233447626
281.2000537109375,9232.65068111499,12435.496952693247,2147.2589947856295,313.9238165364106,80.32973894690923,77.17345442950997,17.684277324247592,59.59010780644421,15131.457342522399,-5898.806661407409
281.3000537109374,9595.423517716887,12488.355111321487,2280.8696547638397,329.49973895431197,83.80156359206909,79.57495432062329,18.162820137379054,60.86302960814413,15341.126872697854,-5745.703354980968
281.4000537109375,9549.400408826266,12541.213269949847,2427.152581706063,346.25566049529505,87.50247054983,82.08999965922546,18.66101561560645,62.176803409239476,15565.051801385107,-6015.651392558841
281.50005371093744,9434.106513676172,12594.071428578089,2587.7571952049257,364.31289627557044,91.45297570864507,84.72584174349699,19.17995263524167,63.533179329234784,15805.033469475204,-6370.926955799032
281.60005371093735,9356.70318845764,12646.929587206327,2764.6341333862956,383.80862597152594,95.67593312656452,87.49031831384298,19.720796386410633,64.93400126321576,16063.193395654182,-6706.490207196541
281.7000537109375,10012.819231563437,12699.787745834688,2960.1308426578335,404.89842615517085,100.19686060660523,90.39191121567767,20.284794868418203,66.38121291155795,16342.071794249952,-6329.252562686515
281.8000537109374,10205.741134303444,12752.645904462928,3177.1420353071344,427.7592820351295,105.04431912259889,93.43981076430263,20.87328603791257,67.87686426219894,16644.781501992205,-6439.040367688762
281.9000537109375,10466.089412010677,12805.504063091288,3419.352887297562,452.5931840026113,110.25035645922306,96.64398771398794,21.487705685757156,69.42311856469385,16975.255302815123,-6509.1658908044465
282.00005371093744,10541.303973263446,12858.362221719528,3691.6350045324325,479.6314409809377,115.8510277135749,100.01527387150459,22.129596128519378,71.02225983920839,17338.646824785705,-6797.342851522259
282.10005371093735,11038.279359635879,12911.220380347768,4000.684687525617,509.13987712435306,121.88700815947786,103.56545255702238,22.80061581210256,72.67670096843601,17741.97472249478,-6703.6953628589
282.2000537109375,11274.964396372605,12964.07853897613,4356.027326696087,541.425124363552,128.4043175562099,107.30736030568524,23.502549938262,74.38899242562468,18195.13421026155,-6920.169813888944
282.3000537109374,11159.769001408125,13016.936697604368,4771.543125781035,576.842287225462,135.45517950048026,111.25500142827696,24.23732224011887,76.16183169834738,18712.43144547809,-7552.662444069965
282.4000537109375,12786.791728937696,13069.79485623273,5267.682442944174,615.8043522520284,143.09904514649477,115.42367731514504,25.007008050503273,77.99807347522004,19314.809455416296,-6528.0177264786
282.50005371093744,13672.137959836027,13122.653014860969,5874.5096990094435,658.7938740543833,151.40381791564397,119.83013268209463,25.813848827411505,79.90074067180404,20032.90512802175,-6360.767168185723
282.60005371093735,14754.799692235343,13175.511173489209,6635.611990840106,706.3777667809161,160.44732516924435,124.49272133158418,26.660268324759155,81.87303638348769,20910.97428231931,-6156.174590083965
282.7000537109375,15732.78888372372,13228.369332117569,7612.701701806016,759.2266269088694,170.31909486848957,129.431594447892,27.548890624206276,83.91835686715798,22011.5155976402,-6278.726713916478
282.8000537109374,18115.971792471046,13281.227490745809,8890.415563994322,818.1412558857161,181.12251087266569,134.66891497809482,28.48256027616344,86.04030567179151,23420.098602424558,-5304.126809953512
282.9000537109375,20367.708964281195,13334.08564937417,10580.384084864703,884.0916161190855,192.97744092304978,140.22910228958446,29.464364835803554,88.24270906162255,25249.47496746802,-4881.766003186825
283.00005371093744,22783.74808542226,13386.943808002408,12823.187032630856,958.2785505983665,206.02345819613691,146.1391120627354,30.497660123993786,90.52963290614736,27641.599254520646,-4857.851169098387
283.10005371093735,26922.2067283551,13439.80196663065,15786.45728628917,1042.2381398121252,220.42381304196422,152.4287573050307,31.586098595028126,92.90540125208132,30765.84146292605,-3843.634734570951
283.2000537109375,33066.737494020344,13492.660125259008,19657.32805236884,1138.0251028357252,236.37036012218513,159.13107749463393,32.73366125395141,95.37461684596202,34811.622996180304,-1744.8855021599593
283.3000537109374,39948.76124113665,13545.51828388725,24627.81344781957,1248.537590265234,254.08971518056467,166.28276422533273,33.94469363835694,97.9421839478757,39974.12867896419,-25.367437827539106
283.4000537109375,48378.19386382495,13598.376442515608,30872.651425533622,1378.0813302361582,273.85102208526166,173.9246533873539,35.22394646476338,100.6133338720791,46432.72215409485,1945.4717097300963
283.50005371093744,57145.8019597621,13651.23460114385,38520.49758679233,1533.3107173374628,295.97589710686026,182.10229595255862,36.576621640688266,103.39365381660883,54323.09137379036,2822.7105859717412
283.60005371093735,66360.76423884754,13704.09275977209,47620.721173402664,1724.71132446749,320.8514929825459,190.86662193291303,38.008424463993855,106.28911971168046,63705.54091673337,2655.223322114165
283.7000537109375,78719.1989831767,13756.95091840045,58108.72182256337,1968.7701920730947,348.94846153706493,200.27471516307878,39.52562297450589,109.30613403663253,74532.49786674819,4186.701116428507
283.8000537109374,91928.84568217026,13809.80907702869,69771.94201275229,2290.8702959919224,380.84751673048265,210.3907203764877,41.13511559486709,112.45156984331099,86617.44630831805,5311.399373852211
283.9000537109375,103349.54032656844,13862.667235657049,82216.65810946964,2728.695339195276,417.2826168782464,221.2869087928447,42.844508403978665,115.73282259721314,99605.16754099425,3744.372785574189
284.00005371093744,115632.56636075699,13915.52539428529,94834.70326570384,3335.5197932417996,459.21788710735603,233.04493436606518,44.66220363487452,119.15787192735176,112941.83135026656,2690.7350104904326
284.10005371093735,126529.2590740189,13968.383552913529,106776.47859163035,4182.236662188154,507.9929288500762,245.75732028768806,46.59750128958563,122.73535598676773,125850.18191314612,679.077160872781
284.2000537109375,133312.2397034351,14021.24171154189,116961.03188002054,5356.4990136864,565.601091733992,259.5292247308353,48.660716127846776,126.4746618935101,137339.03829973502,-4026.798596299923
284.3000537109374,142184.93696261762,14074.099870170128,124188.72812064303,6957.18279013671,635.2085719653246,274.4805467395591,50.863312730308415,130.38603667723876,146310.94924906228,-4126.01228644466
284.4000537109375,149137.6591384725,14126.95802879849,127413.27420716625,9082.802230058303,722.0696364680457,290.74844842292373,53.21806187901876,134.48072432828937,151823.55133712132,-2685.8921986488276
284.50005371093744,150895.05977533452,14179.816187426732,126106.85299345246,11813.6542947534,835.0152221778609,308.490389404084,55.73922216259482,138.77113596230137,153438.33944533946,-2543.2796700049366
284.60005371093735,150283.7794420976,14232.67434605497,120488.1615764084,15189.073879865295,988.6310477314357,327.88779580610526,58.44275153238478,143.2710617993475,151428.14245919793,-1144.363017100317
284.7000537109375,149914.5612136178,14285.532504683331,111424.43781078493,19182.440136253528,1206.0198004653582,349.15052272612076,61.34655454773766,147.99593562540807,146656.92326508643,3257.6379485313664
284.8000537109374,143819.2683361684,14338.39066331157,100092.00881652077,23676.346385442106,1521.6024558330323,372.5223242734565,64.47077230528109,152.96316465913614,140218.30458234536,3600.9637538230454
284.9000537109375,137133.6677483445,14391.248821939931,87645.19574654984,28438.345744279373,1982.7943755244369,398.2876371746872,67.83812361420937,158.19254026797154,133081.90298935046,4051.764758994046
285.00005371093744,129258.72116723668,14444.10698056817,75038.11833212178,33097.49301846811,2648.807105411451,426.7801545076877,71.47430794244421,163.7067477172673,125890.48664673691,3368.234520499769
285.10005371093735,118921.55162431991,14496.96513919641,62980.1312932728,37134.315245086815,3584.6769343919686,458.39400780561084,75.40848312978144,169.53199601137584,118899.42309889477,22.12852542514156
285.2000537109375,110644.44533566339,14549.82329782477,51952.80553365435,39930.09775498391,4849.329912392663,493.5990821178173,79.67383398906223,175.6987917638425,112031.02820672639,-1386.5828710630012
285.3000537109374,102709.94732848638,14602.68145645301,42242.24645293613,40936.62974339703,6478.133700004324,532.9634361714934,84.30825189072833,182.24288373132882,105059.20592458406,-2349.2585960976867
285.4000537109375,93910.72839247761,14655.539615081372,33972.352439146955,39927.976337378044,8462.23551453455,577.1886566751621,89.35515051007587,189.20640691175709,97873.85412023793,-3963.1257277603145
285.50005371093744,90945.82719519395,14708.39777370961,27138.345378694135,37130.5316393317,10727.470137318956,627.1692945247947,94.86444947081397,196.63925662204448,90623.41792967205,322.4092655218992
285.60005371093735,83767.72988858163,14761.255932337852,21641.320006189017,33092.71653497701,13113.777940033578,684.0967068734337,100.89376617332088,204.60072334549204,83598.6616099297,169.0682786519319
285.7000537109375,78171.30220583225,14814.11409096621,17322.433829403373,28433.205609279074,15356.35702220007,749.6419999707663,107.50986750821502,213.1614179104394,76996.42383723814,1174.8783685941162
285.8000537109374,72674.82198133518,14866.972249594452,13993.936943283174,23671.32188916659,17087.36719051633,826.2725350460348,114.79044903653974,222.40551321448555,70783.0667698576,1891.7552114775754
285.9000537109375,65595.60540064287,14919.83040822281,11464.37262782664,19177.85138792892,17914.767186072546,917.7786824948447,122.82633301677826,232.43332268252482,64749.85994824505,845.7454523978231
286.00005371093744,58504.613766331495,14972.688566851051,9556.441186735854,15185.104375844381,17609.054372990096,1030.1033287233454,131.72421640513377,243.36422637377694,58728.48027392364,-223.86650759214535
286.10005371093735,53257.51430665035,15025.546725479291,8117.450062025428,11810.376977375754,16258.550135360383,1172.5588211854024,141.61017468067618,255.33994259939914,52781.432838706336,476.08146794401546
286.2000537109375,45978.22487422965,15078.404884107651,7023.423279338038,9080.20571163304,14205.849149377464,1359.4592484434318,152.63428091201746,268.52812562253524,47168.504679434176,-1190.2798052045255
286.3000537109374,41834.53404983546,15131.26304273589,6178.570721906434,6955.198412175818,11847.244014537955,1612.0631791741089,164.97702736728843,283.12624818857864,42172.44264608608,-337.9085962506142
286.4000537109375,37926.89828767394,15184.12120136425,5511.930010277859,5355.027011326066,9499.168196024004,1960.499747642555,178.85893126422715,299.36570119207124,37988.97079909104,-62.07251141710003
286.50005371093744,35523.742300787824,15236.97935999249,4972.739412429323,4181.168360666813,7368.964248620316,2445.0619687378385,194.5561166147626,317.5160119461169,34716.985479007664,806.75682178016
286.60005371093735,31833.260792328034,15289.837518620732,4525.666988198806,3334.753514048689,5568.603877237424,3115.9752799977455,212.42734862144906,337.8890478796872,32385.153574604534,-551.8927822764999
286.7000537109375,30183.643363872463,15342.695677249092,4146.567449904728,2728.145425213121,4135.043461435194,4030.6253385503437,232.96268827553263,360.8430350795986,30976.883075707614,-793.239711835151
286.8000537109374,30588.74257875206,15395.553835877332,3819.0628266456256,2290.4702353815555,3051.040759006208,5247.416184456695,256.8712764891929,386.78618245565417,30447.201300312263,141.54127843979586
286.9000537109375,30976.15249742544,15448.411994505692,3531.98521047477,1968.4716662689038,2266.300082952356,6816.017377737515,285.23561650616494,416.17966448177657,30732.601612927177,243.55088449826144
287.00005371093744,31377.257918740204,15501.270153133933,3277.575769935942,1724.4810974558827,1716.7994908267983,8764.64090642412,319.76994947907775,449.53968099262033,31754.07704824837,-376.81912950816695
287.10005371093735,32958.35370908619,15554.128311762172,3050.2774131208116,1533.1268831593375,1339.4954888614925,11085.767000187083,363.2251425376938,487.4382843699942,33413.458523998575,-455.104814912389
287.2000537109375,35980.71921837499,15606.986470390533,2845.9568489295248,1377.929860402203,1081.0303699412862,13721.789184801877,419.9714584025251,530.5026458912221,35584.16683875917,396.5523796158159
287.3000537109374,39097.76372756457,15659.844629018771,2661.417720081494,1248.409603729559,900.9563358779423,16551.04481870077,496.7496160934472,579.4124274158833,38097.83515091786,999.9285766467074
287.4000537109375,40923.33152272148,15712.702787647133,2494.100865958248,1137.9149250280086,771.1674181429,19374.042336780007,603.4975524799042,634.894935168698,40728.32082120489,195.01070151658496
287.50005371093744,43843.56039854004,15765.560946275371,2341.899887834957,1042.1420314012585,673.4415131883812,21904.586043604075,754.0357226300084,697.7177618700089,43179.383906804054,664.1764917359833
287.60005371093735,45208.35877355901,15818.419104903613,2203.0455728103784,958.1939271759056,596.5568735181967,23787.14939635613,966.2539081126406,768.6786737719907,45098.297456648856,110.06131691015617
287.7000537109375,45826.628771313255,15871.277263531972,2076.0307292989937,884.0165920145962,533.8049224670705,24677.055961812694,1261.34688432878,848.5925708800382,46152.124924334144,-325.4961530208893
287.8000537109374,45838.42415374158,15924.135422160212,1959.558747399604,818.0743853329061,481.1832542617511,24382.318883547603,1661.676865175141,938.2754407420875,46165.222998619305,-326.79884487772506
287.9000537109375,44295.04422219017,15976.993580788572,1852.5063968629368,759.1667580022604,436.2321201718482,22968.782742006388,2187.0618953968906,1038.5253355389957,45219.26882876789,-924.2246065777217
288.00005371093744,43511.515177563284,16029.851739416812,1753.895553785617,706.3239570380729,397.3509913160296,20722.036640527396,2849.68212060009,1150.1005232914272,43609.24152597545,-97.72634841216495
288.10005371093735,41729.62128280543,16082.709898045052,1662.8708722299252,658.7453388564719,363.4235719389187,18007.055305635993,3648.1930259201204,1273.6950887538326,41696.69310138032,32.92818142510805
288.2000537109375,39758.25429886115,16135.568056673412,1578.6816738066443,615.7604309561066,333.6204179610433,15150.67230122499,4561.730215647261,1409.9123772934367,39785.9454735629,-27.691174701743876
288.3000537109374,38489.27888365012,16188.426215301653,1500.6669998562727,576.8024191880363,307.29569330700855,12396.350605934225,5544.074657805049,1559.2367728484992,38072.85336424074,416.42551940937847
288.4000537109375,38117.20565423532,16241.284373930013,1428.243134188593,541.3888309539649,283.931089700594,9903.778222713157,6517.936781600485,1722.0043643734673,36638.56679746028,1478.63885677504
288.50005371093744,36334.57999136687,16294.142532558253,1360.8931091735528,509.10674769266495,263.1028604968037,7761.479834936585,7371.659838949344,1898.373069168768,35458.75799297597,875.8219983909003
288.60005371093735,34799.741539188966,16347.000691186493,1298.1578315898714,479.60112164303575,244.46046400543125,6000.748078318601,7968.553182929705,2088.292733187329,34426.814102860466,372.92743632850033
288.7000537109375,33210.944620042734,16399.858849814853,1239.628545609225,452.5653685485333,227.7115003537441,4609.772381518274,8184.635954430982,2291.4756098250873,33405.6482101007,-194.7035900579649
288.8000537109374,31834.373882315143,16452.717008443095,1184.9404074920787,427.7337044899351,212.6104540460399,3548.09675529993,7968.098437315899,2507.367431984729,32301.564199071705,-467.1903167565615
288.9000537109375,30726.573925311626,16505.575167071453,1133.7669893794994,404.8748546511426,198.9499909585269,2760.3388296143303,7370.855245017525,2735.119056330677,31109.480133023153,-382.9062077115268
289.00005371093744,29792.660612884665,16558.433325699694,1085.815562823583,383.7868576746145,186.55410103912303,2187.5953064817886,6516.932134291387,2973.5584188386747,29892.675706848866,-100.01509396420079
289.10005371093735,28616.082621018966,16611.291484327932,1040.8230391081265,364.2927531633633,175.27263284198168,1775.4463881629415,5543.007056215136,3221.162379595805,28731.295733415285,-115.21311239631905
289.2000537109375,27552.784941233494,16664.149642956294,998.5524646780096,346.23698582915085,164.97690201898334,1478.369912544476,4560.701103633526,3476.028082983815,27689.015094644255,-136.23015341076098
289.3000537109374,26247.600466019776,16717.007801584532,958.7899872403476,329.48239431880063,155.55613936814834,1261.1440290948774,3647.267738871248,3735.843901243882,26805.091991721834,-557.4915257020584
289.4000537109375,26095.218732453974,16769.865960212894,921.3422221734218,313.9076793445724,146.91460092743455,1098.2065213876983,2848.895635888357,3997.861091846991,26096.993711781368,-1.7749793273942487
289.50005371093744,24855.962846089413,16822.724118841135,886.0339604131634,299.40526649722955,138.9692037414622,971.9553049592984,2186.4250737201082,4258.869207481644,25564.38213565404,-708.4192895646265
289.60005371093735,24210.07634606689,16875.582277469373,852.7061684655225,285.8794954439148,131.6475815710999,870.7560717558908,1661.182794189368,4515.181176268919,25192.935565164087,-982.8592190971976
289.7000537109375,25141.13418606065,16928.440436097735,821.2142390249251,273.24508013646965,124.88647799393539,787.1267127392277,1260.9773637280962,4762.637670831317,24958.527980551706,182.606205508946
289.8000537109374,24359.76119782027,16981.298594725973,791.4264571568513,261.42579493408795,118.63041203737839,716.3058103495986,965.98547789286,4996.6442575062665,24831.716804603016,-471.95560678274705
289.9000537109375,24868.1784615286,17034.156753354335,763.222652386526,250.3533497608375,112.83056509183831,655.234095214461,753.8444661954401,5212.257500705613,24781.899382709053,86.27907881954889
290.00005371093744,25024.67211251694,17087.014911982573,736.4930115238332,239.96642401632408,107.4438483792293,601.8852234201497,603.362232101058,5404.3356216919165,24780.501273115085,244.1708394018533
290.10005371093735,23263.064312317605,17139.873070610814,711.137030799727,230.209834275561,102.43211844466336,554.8529626890381,496.6531675551007,5567.763164618634,24802.92134899354,-1539.857036675934
290.2000537109375,24785.31076579975,17192.731229239173,687.0625890353151,221.03381512257997,97.76151455267576,513.1083671527582,419.9012163155298,5697.745974480266,24829.3447058983,-44.033940098550374
290.3000537109374,25071.407397751544,17245.589387867414,664.1851262035397,212.39339596277824,93.40189691491578,475.8610715321381,363.172296181425,5790.153663444235,24844.756838106445,226.65055964509884
290.4000537109375,25547.207999112,17298.447546495776,642.4269139697157,204.24785951669594,89.32636866763583,442.48052491129494,319.7286789204765,5841.86628352253,24838.524176004124,708.6838231078764
290.50005371093744,24867.392282133384,17351.305705124014,621.7164066802546,196.56027003951638,85.51086769047684,412.45022043236213,285.20221872325556,5851.067892281502,24803.813580971382,63.57870116200138
290.60005371093735,24588.887234775677,17404.163863752256,601.9876628600404,189.29706123417267,81.93381689181405,385.33967078196525,256.84344155671715,5817.429955031021,24736.995472107985,-148.1082373323079
290.7000537109375,25172.8914817702,17457.022022380617,583.1798286358153,182.42767541504801,78.57582362016,360.78597832858844,232.93897227399424,5742.145508539154,24637.07580919338,535.8156725768204
290.8000537109374,24286.7332091449,17509.880181008855,565.2366756541372,175.92424679330603,75.41942050002325,338.4808038960739,212.4068248870621,5627.8065379742675,24505.154690713724,-218.42148156882467
290.9000537109375,24067.248821523986,17562.738339637217,548.106187046862,169.76132284705244,72.44884131766803,318.160598011446,194.5381616626278,5478.151272037685,24343.904722560557,-276.65590103657087
291.00005371093744,24866.008470901674,17615.596498265455,531.7401858405887,163.9156186500779,69.64982666115901,299.5989800307866,178.84310068190447,5297.732863236464,24157.077073366436,708.9313975352379
291.10005371093735,24109.63961540051,17668.454656893693,516.0940009263396,158.36579979281032,67.00945489903324,282.6006447664744,164.96298649855635,5091.5687577397275,23949.056301516634,160.58331388387523
291.2000537109375,24267.93707075165,17721.312815522055,501.12616632856896,153.09229016768694,64.51599480359786,266.9964176562274,152.62176659095954,4864.821339414606,23724.4867904837,543.450280267949
291.3000537109374,24284.47786999486,17774.170974150293,486.7981500456311,148.0771014269073,62.158776717722816,252.6392039784941,141.59897366331506,4622.54167627038,23487.984856252744,796.4930137421143
291.4000537109375,22897.23613200644,17827.029132778654,473.07410919528735,143.30368137278018,59.9280796535318,239.4006481702548,131.71415252635973,4369.487710144315,23243.937513841185,-346.7013818347441
291.50005371093744,22945.314124124256,17879.887291406892,459.92066859889184,138.75677892362071,57.81503211697206,227.168363925872,122.81725892353272,4110.012198139712,22996.377592035493,-51.06346791123724
291.60005371093735,23509.075179831976,17932.745450035134,447.3067202818117,134.42232362167326,55.81152478880765,215.8436266960497,114.78224042598022,3848.0066375930974,22748.918523442553,760.156656389423
291.7000537109375,22769.50392651757,17985.603608663492,435.2032416695757,130.2873179256777,53.91013347369979,205.33944300453942,107.50241885039276,3586.884708681424,22504.730872268803,264.77305424876613
291.8000537109374,22814.204579702695,18038.461767291734,423.58313051920015,126.339740765067,52.10405096369396,195.57892838044452,100.88698740041846,3329.5903412383277,22266.544946558886,547.6596331438086
291.9000537109375,22197.475852691587,18091.319925920096,412.42105485278285,122.56846103335721,50.3870266594454,186.4939392035159,94.85826334916838,3078.61908749031,22036.667758508676,160.80809418291028
292.00005371093744,22300.954668103957,18144.178084548337,401.69331636002545,118.96315987029821,48.75331295838032,178.02391435624324,89.34949052345397,2836.0453744822307,21817.006653098968,483.94801500498943
292.10005371093735,22124.056391984832,18197.036243176575,391.3777259086246,115.51426072920067,47.197617558581335,170.11489095033923,84.30306051897871,2603.551482794197,21609.095281636495,514.9611103483367
292.2000537109375,22146.396155727307,18249.894401804937,381.4534899551252,112.21286635307166,45.71506094569696,162.7186650526925,79.66906129884038,2382.456418220664,21414.119963631027,732.2761920962803
292.3000537109374,21413.007550251958,18302.752560433175,371.9011067814695,109.05070189210818,44.30113843037016,155.79207365100606,75.40408561439008,2173.7442431868258,21232.945909989343,180.06164026261467
292.4000537109375,20905.26140483976,18355.610719061537,362.7022715999514,106.0200634894754,42.951686189031015,149.29637836415938,71.47024756174277,1978.0921131852363,21066.143479451133,-160.88207461137426
292.50005371093744,21271.49222777002,18408.468877689775,353.839789673397,103.11377174420986,41.662850833767486,143.19673483907982,67.83436699663652,1795.8984548149424,20914.014846591806,357.4773811782143
292.60005371093735,22185.381952421583,18461.327036318016,345.2974966873188,100.32512953051346,40.431062098996534,137.4617345552646,64.46729008148407,1627.3116313867067,20776.6213806583,1408.7605717632832
292.7000537109375,21247.7307138223,18514.185194946374,337.060185692464,97.64788371464213,39.25300828610932,132.063008017512,61.34332079182673,1472.2592232761813,20653.81182472511,593.9188890971891
292.8000537109374,20809.811013804356,18567.043353574616,329.1135400065776,95.07619036391966,38.12561415289907,126.97488015881521,58.43974329159643,1330.4778051903745,20545.2511267388,264.5598870655558
292.9000537109375,21784.46670604428,18619.901512202974,321.4440715272998,92.60458308916289,37.046020973961205,122.17407028330236,55.736419059682774,1201.5428911121473,20450.449568248532,1334.0171377957486
293.00005371093744,20614.378264170726,18672.759670831216,314.0390639646476,90.22794420284076,36.011568532300934,117.6394301183986,53.21544577504958,1084.8985688716627,20368.791692296116,245.58657187460994
293.10005371093735,20813.259527512295,18725.617829459457,306.8865205501815,87.94147841071168,35.01977883159036,113.35171456625659,50.86086743752434,979.886268377442,20299.564457633165,513.6950698791297
293.2000537109375,19534.04745528127,18778.475988087815,299.9751158251131,85.74068878634246,34.06834134407629,109.29338059029506,48.658427164375475,885.7720962442486,20241.98403804227,-707.9365827609981
293.3000537109374,20848.46447647,18831.334146716057,293.2941511482913,83.62135480523403,33.15509963110848,105.4484103738573,46.59535566925134,801.7722134991172,20195.220731842917,653.2437446270815
293.4000537109375,20663.9613642964,18884.192305344415,286.83351360012216,81.57951223950938,32.278039192445235,101.80215547231094,44.66018968640517,727.0758179006698,20158.421533435878,505.53983086052176
293.50005371093744,20611.633917436164,18937.050463972657,280.58363799030644,79.61143473562187,31.435276417274594,98.3411991682935,42.84261561514866,660.8654033039535,20130.730031203257,480.9038862329071
293.60005371093735,20808.174809505424,18989.908622600895,274.5354717044269,77.7136169161049,30.625048524356252,95.05323464829036,41.133334477641924,602.334091683975,20111.30342055569,696.871388949734
293.7000537109375,20565.198889194737,19042.766781229257,268.6804421502976,75.88275886328702,29.84570439155343,91.92695696288912,39.523944948067175,550.69995723958,20099.32654578493,465.8723434098065
293.8000537109374,20540.172234582144,19095.624939857495,263.0104265868952,74.11575185745744,29.095696186117568,88.9519670223795,38.006841753030294,505.2173771936433,20094.02300045702,446.1492341251251
293.9000537109375,19995.487178900723,19148.483098485856,257.5177241388679,72.40966525503424,28.373571716892254,86.11868612415917,36.57512718664625,465.1855439119407,20094.663416819396,-99.176237918673
294.00005371093744,20559.504783467914,19201.341257114098,252.19502981814531,70.76173440401656,27.677967438271796,83.4182797160301,35.22253384830266,429.95435366338955,20100.571156002254,458.9336274656598
294.10005371093735,20160.310550322047,19254.19941574234,247.03541038972358,69.16934950408023,27.00760204323446,80.84258927527809,33.94335701135661,398.92794683117313,20111.125670797184,49.18487952486248
294.2000537109375,20429.56999264223,19307.057574370698,242.03228193404232,67.63004532806555,26.36127058954556,78.38407133384653,32.73239527977811,371.5662126331892,20125.763851469164,303.80614117306686
294.3000537109374,20503.622934499224,19359.91573299894,237.17938897110437,66.14149172963562,25.737839109065504,76.03574280778,31.584898395967773,347.38458979705683,20143.97968380955,359.64325068967446
294.4000537109375,20227.347581317055,19412.773891627297,232.47078502341913,64.7014848691863,25.13623965532012,73.79113189876298,30.496521234823746,325.952495595185,20165.322549903995,62.02503141306079
294.50005371093744,19538.83323648494,19465.63205025554,227.9008145059724,63.3079390967218,24.555465749160266,71.64423392979576,29.46328316277151,306.8907022308214,20189.394488930782,-650.5612524458411
294.60005371093735,19917.334275090547,19518.490208883777,223.46409584053,61.95887943605156,23.994568186357704,69.58947155758989,28.48153206061183,289.86795511169726,20215.846711076614,-298.51243598606743
294.7000537109375,20636.884296860913,19571.34836751214,219.15550570097105,60.65243462007176,23.452651174701554,67.62165887420377,27.54791241027374,274.59709540407454,20244.375625696433,392.5086711644799
294.8000537109374,20860.467532160463,19624.206526140377,214.97016430391656,59.3868306314563,22.928868771346806,65.73596897037977,26.659336930666413,260.83091253105283,20274.718608279196,585.7489238812668
294.9000537109375,19813.787873227993,19677.06468476874,210.90342166615704,58.160384707295286,22.422421594052974,63.927904585083446,25.81296131983756,248.3579137080892,20306.649692349252,-492.86181912125903
295.00005371093744,20787.338415028797,19729.922843396977,206.95084475725838,56.97149977009634,21.932553782562866,62.193271510991494,25.00616172173341,236.99815945744925,20339.97533439707,447.3630806317269
295.10005371093735,20612.54020575755,19782.781002025215,203.10820548114452,55.81865925080506,21.45855018860109,60.52815446460896,24.236514587584328,226.59927805984444,20374.530364057802,238.00984169974618
295.2000537109375,19952.69552284969,19835.639160653576,199.3714694263812,54.70042227272131,20.999733775088956,58.92889516402085,23.50177864620697,217.03273933724293,20410.17419927524,-457.47867642554775
295.3000537109374,20000.793108999005,19888.497319281818,195.73678532946724,53.61541916784824,20.555463206967627,57.392072386852995,22.799878735145764,208.1904397870108,20446.78737789511,-445.9942688961055
295.4000537109375,20576.108964076862,19941.355477910176,192.20047519993702,52.56234729971051,20.125130617669942,55.91448380699011,22.128891276852357,199.98162727916926,20484.268433390505,91.84053068635694
295.50005371093744,20343.792742110592,19994.213636538418,188.75902506044682,51.53996716901673,19.708159536793552,54.49312943143411,21.48703121183968,192.33017432305581,20522.531123271005,-178.73838116041225
295.60005371093735,20195.93085672167,20047.07179516666,185.4090762582822,50.54709878044201,19.30400296579866,53.12519647840179,20.872640224460177,185.17219408808813,20561.50200396213,-365.57114724046187
295.7000537109375,19885.353575124158,20099.92995379502,182.14741730857722,49.582618250787334,18.91214158980201,51.80804555543119,20.28417611755419,178.4539825336587,20601.11833515083,-715.7647600266719
295.8000537109374,19324.109273960446,20152.78811242326,178.97097623234848,48.645454640356824,18.532082114577292,50.53919801151495,19.72020320986813,172.13026265433695,20641.326289286262,-1317.2170153258157
295.9000537109375,19565.109132609992,20205.64627105162,175.87681335530542,47.734586990917286,18.16335571884232,49.316324350826925,19.17938364547099,166.16270242106233,20682.079437534045,-1116.9703049240525
296.00005371093744,20487.8750765429,20258.50442967986,172.86211453624503,46.84904155505459,17.805516612816703,48.13723360765262,18.660469517728714,160.51867592987966,20723.337481439237,-235.46240489633783
296.10005371093735,20509.38120787946,20311.362588308097,169.9241847958229,45.98788920287628,17.45814069477463,46.99986359252687,18.16229572186738,155.1702370167883,20765.065199332752,-255.68399145329022
296.2000537109375,20875.43172293344,20364.22074693646,167.06044231906665,45.15024299326483,17.12082429807767,45.90227192907692,17.683773460272658,150.0932756764461,20807.231577612663,68.20014532077766
296.3000537109374,20140.063595368487,20417.078905564696,164.2684128067463,44.33525589784765,16.79318302178749,44.842627809241705,17.22388433338845,145.26682960954557,20849.809099043254,-709.745503674767
296.4000537109375,19868.435226122878,20469.937064193058,161.54572415256527,43.54211866679921,16.474850638544595,43.81920440188774,16.781674956734605,140.67252577055498,20892.773162780144,-1024.3379366572663
296.50005371093744,20455.206410587045,20522.795222821296,158.89010142504318,42.7700578265164,16.16547807395527,42.83037185644875,16.35625205129693,136.29412961516118,20936.101613669718,-480.8952030826731
296.60005371093735,20141.55156068795,20575.653381449538,156.2993621341617,42.01833379989219,15.864732452168456,41.87459084888911,15.946777960356382,132.11718264159245,20979.7743612866,-838.2228005986508
296.7000537109375,20761.968913687368,20628.511540077896,153.7714117646181,41.286239140732796,15.572296202802208,40.950406622594414,15.552466551036758,128.1287116310965,21023.773071990778,-261.8041583034101
296.8000537109374,20712.462716099002,20681.36969870614,151.30423955862076,40.573096874454755,15.287866224750463,40.05644348132249,15.172579463348102,124.31699561507155,21068.08091992371,-355.61820382470614
296.9000537109375,21035.976402888577,20734.2278573345,148.89591453238208,39.87825893780335,15.011153102763796,39.1913996954761,14.806422673500418,120.67137896906024,21112.682385245484,-76.70598235690704
297.00005371093744,20441.84283181083,20787.08601596274,146.54458171177302,39.20110471094005,14.741880373049712,38.35404278671502,14.453343341816781,117.1821211266495,21157.563090013686,-715.7202582028549
297.10005371093735,20779.968394816868,20839.94417459098,144.2484585733215,38.54103963566136,14.479783834402488,37.54320515911453,14.112726918641565,113.84027521169091,21202.70966392381,-422.74126910694395
297.2000537109375,20805.36437466315,20892.80233321934,142.0058316779935,37.89749391406293,14.224610901681826,36.75778004814764,13.783994484443099,110.6375894169282,21248.1096336626,-442.74525899945
297.3000537109374,20331.552756323003,20945.66049184758,139.81505348587328,37.269921282329946,13.976119998686976,35.996717761353594,13.466600302722275,107.5664262301099,21293.751330908653,-962.1985745856509
297.4000537109375,20334.09284673422,20998.51865047594,137.67453934067981,36.65779785472764,13.734079987702899,35.25902218694681,13.16002956650892,104.61969565294585,21339.623815065454,-1005.5309683312335
297.50005371093744,20468.722854650154,21051.37680910418,135.58276461397662,36.060621033273655,13.498269633223613,34.54374754882767,12.863796321179391,101.79079940318357,21385.716807657842,-916.9939530076881
297.60005371093735,20705.907853635726,21104.234967732416,133.53826199935108,35.47790847882462,13.268477097518055,33.84999538829503,12.577441548003724,99.07358376438816,21432.020636008798,-726.1127823730712
297.7000537109375,21392.918875650725,21157.093126360778,131.53961894775176,34.909197139690406,13.044499465910068,33.1769117545981,12.300531394398083,96.46229928113014,21478.526184344257,-85.6073086935321
297.8000537109374,20822.909268519452,21209.95128498902,129.5854752355917,34.35404233411933,12.826142299784873,32.5236845879784,12.032655538196316,93.9515659133068,21525.224850897997,-702.3155823785455
297.9000537109375,20940.62897068623,21262.809443617378,127.67452065778465,33.81201688325634,12.613219215482896,31.889541280277246,11.773425674474273,91.53634258552941,21572.108509914182,-631.479539227952
298.00005371093744,21315.66760224562,21315.667602245616,125.80549283854478,33.282710291458685,12.405551487394488,31.273746399521766,11.522474114571171,89.21190031499096,21619.1694776921,-303.50187544647997
