binding_energy_eV,raw_intensity,background,component:imide_carbonyl_O,component:acid_carbonyl_O,component:acid_hydroxyl_OH,total_fit,residual
525.3558081986467,22840.89303200437,22840.89303200437,280.13201447256336,72.15997819343673,56.262459639735795,23249.447484310105,-408.55445230573605
525.4558081986468,22077.163365397257,22871.528504654605,289.5761427831146,74.20844163178464,57.67684375071622,23292.98993282022,-1215.8265674229624
525.5558081986468,21981.05991623386,22902.16397730484,299.5040258921837,76.34513023364107,59.14511857151465,23337.15825200218,-1356.0983357683217
525.6558081986467,22063.549746939254,22932.79944995504,309.94913033853294,78.57516860010965,60.67005060606798,23381.993799499753,-1318.4440525604987
525.7558081986467,22102.25440001302,22963.43492260528,320.94785413257677,80.90405770618804,62.25458575437082,23427.541420198417,-1325.2870201853984
525.8558081986467,22864.273367755344,22994.070395255516,332.5398388604708,83.33770845532726,63.901863419896515,23473.84980599121,-609.5764382358648
525.9558081986468,22041.826789431623,23024.70586790575,344.7683210504931,85.88247876441041,65.61523192505832,23520.971899645712,-1479.145110214089
526.0558081986468,22034.38739755214,23055.341340555988,357.68052851743573,88.5452146085204,67.3982653747622,23568.965349056707,-1534.5779515045688
526.1558081986467,22096.85912158174,23085.976813206187,371.3281283486767,91.33329551434768,69.25478212519216,23617.893019194405,-1521.033897612666
526.2558081986467,22069.96105801848,23116.612285856423,385.7677343200584,94.25468505977227,71.18886503435986,23667.823570270615,-1597.8625122521335
526.3558081986467,21802.715234663727,23147.24775850666,401.0614828671483,97.31798701660861,73.2048836929806,23718.832112083397,-1916.1168774196703
526.4558081986468,22315.056672244307,23177.883231156895,417.27768833416593,100.53250786588235,75.30751885948622,23771.00094621643,-1455.9442739721235
526.5558081986468,22876.32815555121,23208.51870380713,434.49159013239347,103.90832652218725,77.5017893516699,23824.42040981338,-948.0922542621702
526.6558081986467,22665.421790415632,23239.154176457334,452.786206732857,107.45637222876421,79.79308168040828,23879.189837099362,-1213.76804668373
526.7558081986467,22501.064824915287,23269.78964910757,472.25331417859974,111.18851173099067,82.18718274863909,23935.4186577658,-1434.3538328505128
526.8558081986467,22066.16519582906,23300.425121757806,492.9945701359376,115.11764700685944,84.69031598204838,23993.227654882652,-1927.0624590535917
526.9558081986468,22287.616912974958,23331.06059440804,515.1228085460092,119.25782503381082,87.30918130787204,24052.750409295735,-1765.1334963207773
527.0558081986468,22447.74197530853,23361.696067058278,538.7635348516714,123.62436130718609,90.0509994556039,24114.13496267274,-1666.3929873642082
527.1558081986467,23000.68492538643,23392.331539708477,564.0566577727567,128.23397910404188,92.92356111985075,24177.545737705128,-1176.8608123186968
527.2558081986467,22682.79087387195,23422.967012358713,591.1585009493195,133.10496681527388,95.93528160243314,24243.16576172574,-1560.3748878537917
527.3558081986467,22654.478633396833,23453.60248500895,620.244146806511,138.2573560592116,99.0952616399046,24311.199249514575,-1656.7206161177419
527.4558081986468,21915.732594735677,23484.237957659185,651.5101761561358,143.71312375409727,102.41335522639208,24381.87461279581,-2466.1420180601344
527.5558081986468,22295.817363540948,23514.87343030942,685.1778809123715,149.49642188000124,105.9002453622492,24455.447978464043,-2159.630614923095
527.6558081986467,22389.609028752962,23545.508902959624,721.4970446582334,155.63383932249675,109.56752880000526,24532.207315740357,-2142.598286987395
527.7558081986467,22152.775098910763,23576.14437560986,760.7504078165035,162.1547009840526,113.42781102402212,24612.477295434437,-2459.7021965236745
527.8558081986467,22404.37376099468,23606.779848260096,803.2589627375153,169.09141030380187,117.49481289364658,24696.625034195058,-2292.251273200378
527.9558081986468,22414.46917497789,23637.41532091033,849.3882625251073,176.47984247907783,121.78349060729111,24785.066916521806,-2370.5977415439156
528.0558081986468,23262.528799208358,23668.050793560567,899.5559826145957,184.35979707749408,126.3101709129247,24878.27674416558,-1615.7479449572238
528.1558081986467,22197.829840692455,23698.686266210767,954.241060024822,192.7755204242804,131.09270380753446,24976.795550467403,-2778.9657097749478
528.2558081986467,22996.46452820494,23729.321738861003,1013.9948813449296,201.77631021738358,136.15063534380323,25081.24356576712,-2084.7790375621807
528.3558081986467,23095.943356635078,23759.95721151124,1079.455257853017,211.4172173532117,141.50540360858318,25192.33509032605,-2096.3917336909726
528.4558081986468,23074.512071430134,23790.592684161475,1151.3644358720483,221.75986305522414,147.18056146997722,25310.897544558724,-2236.38547312859
528.5558081986468,23458.178949739733,23821.22815681171,1230.5933709488077,232.87339323337665,153.2020303255551,25437.89695131945,-1979.7180015797167
528.6558081986467,22907.086050375172,23851.863629461914,1318.176348896316,244.83559676078525,159.59838984665208,25574.473964965666,-2667.387914590494
528.7558081986467,23019.921317388784,23882.49910211215,1415.3634216977057,257.73422029852696,166.4012096303953,25721.997953738777,-2702.0766363499934
528.8558081986467,23754.705387028964,23913.134574762385,1523.70400543168,271.6685198108929,173.6454297767727,25882.15252978173,-2127.447142752768
528.9558081986468,23348.742643082107,23943.77004741262,1645.1845801979646,286.75109859394297,181.3697987466554,26057.075524951186,-2708.332881869079
529.0558081986468,23415.913599890308,23974.405520062857,1782.4579184795311,303.11009454728503,189.61737848167004,26249.590911571344,-2833.6773116810364
529.1558081986467,24519.814796913462,24005.040992713057,1939.2210669967187,320.8917976118401,198.43612874747734,26463.58998606909,-1943.775189155629
529.2558081986467,25157.79407910708,24035.676465363293,2120.8227695538426,340.2638060218841,207.8795850842641,26704.642626023284,-1546.8485469162042
529.3558081986467,25096.600612248967,24066.31193801353,2335.2025682042936,361.41887622124733,218.0076477218885,26980.941030160957,-1884.3404179119898
529.4558081986468,24411.595617148265,24096.947410663764,2594.27198262608,384.5797045674416,228.88750248395223,27304.68660034124,-2893.090983192975
529.5558081986468,25820.41005798934,24127.582883314,2915.8245858188316,410.00503664224556,240.59469924792919,27694.00720502301,-1873.59714703367
529.6558081986467,26356.553287790928,24158.218355964204,3325.9829949014843,437.99780349240694,253.21441919636422,28175.41357355446,-1818.8602857635306
529.7558081986467,26986.377040723466,24188.85382861444,3862.034682454126,468.91656160272333,266.84296923889764,28786.648041910186,-1800.2710011867202
529.8558081986467,27506.031161901832,24219.489301264675,4575.2666288177115,503.1925779709563,281.5895511530815,29579.538059206425,-2073.5068973045927
529.9558081986468,29152.748042525487,24250.12477391491,5533.102783240657,541.3567749169313,297.5783651299805,30622.162697202482,-1469.4146546769953
530.0558081986468,31130.686379055485,24280.760246565147,6819.544476194654,584.0838555508828,314.951124326132,31999.339702636815,-868.6533235813295
530.1558081986467,33200.78540007017,24311.395719215347,8532.726234552869,632.2657171808459,333.8700824267792,33810.257753375845,-609.4723533056749
530.2558081986467,35643.938179025026,24342.031191865583,10778.46782761996,687.1329780190517,354.5217179172459,36162.15371542184,-518.2155363968122
530.3558081986467,38096.83214031867,24372.66666451582,13659.139830568287,750.4517297990851,377.1212930249497,39159.379517908135,-1062.5473775894643
530.4558081986468,42858.92099258807,24403.302137166054,17257.96600706108,824.8308759732979,401.91864508212626,42888.01766528256,-29.096672694489826
530.5558081986468,47707.361296524934,24433.93760981629,21619.86479883747,914.1800364349882,429.20583693483627,47397.188282023584,310.1730145013498
530.6558081986467,53846.670450699385,24464.573082466493,26730.64942127211,1024.352942110252,459.3278064573478,52678.903252306205,1167.7671983931796
530.7558081986467,59521.710515200866,24495.20855511673,32496.29585232085,1163.9883196324547,492.69810800236087,58648.1908350724,873.5196801284692
530.8558081986467,66374.64082659637,24525.844027766965,38722.80241644453,1345.511040987023,529.8235301923042,65123.981015390826,1250.6598112055435
530.9558081986468,72593.3881729068,24556.4795004172,45096.06681318536,1586.176040853086,571.3442108435564,71810.0665652992,783.3216076075914
531.0558081986468,79453.46609173497,24587.114973067437,51164.43040110757,1908.9308412566343,618.1003009617061,78278.57651639334,1174.889575341629
531.1558081986467,84610.17772531882,24617.750445717636,56340.855583139724,2342.7592846122784,671.2425618043432,83972.60787527398,637.5698500448343
531.2558081986467,88037.83693859844,24648.385918367872,59965.09559904957,2922.086662967802,732.4122964767497,88267.980476862,-230.14353826355364
531.3558081986467,88605.36573479432,24679.02139101811,61464.07960484108,3684.824520174322,804.0243891014742,90631.94990513497,-2026.5841703406477
531.4558081986468,89671.85114780812,24709.656863668344,60569.50005738046,4668.757333573971,889.692779980943,90837.60703460372,-1165.7558867955959
531.5558081986468,88836.92903706364,24740.29233631858,57443.8272609057,5906.236182156111,994.8348726348166,89085.19065201521,-248.26161495156703
531.6558081986467,85510.27393118171,24770.927808968783,52602.20669340158,7417.494797661673,1127.472315195094,85918.10161522713,-407.82768404542
531.7558081986467,83066.69110987775,24801.56328161902,46701.81613663824,9203.203724926543,1299.201785142343,82005.78492832615,1060.9061815516034
531.8558081986467,78926.50771271178,24832.198754269255,40357.926493051775,11236.92689360109,1526.2351341966987,77953.28727511883,973.2204375929578
531.9558081986468,75475.83518648556,24862.83422691949,34058.62350004799,13457.799251125709,1830.3060945018742,74209.56307259506,1266.2721138905035
532.0558081986468,71816.0543432854,24893.469699569727,28151.918156544125,15763.251339318173,2239.127451827068,71047.7666472591,768.2876960263093
532.1558081986467,69194.10661068537,24924.105172219926,22860.67703061086,18002.18641310661,2785.9923400351377,68572.96095597254,621.1456547128328
532.2558081986467,67257.34299895898,24954.740644870162,18302.642108191038,19973.054894361194,3508.0940883817775,66738.53173580416,518.8112631548138
532.3558081986467,64211.62298566686,24985.376117520398,14510.515380092409,21439.511678341158,4443.238236922452,65378.641412876415,-1167.0184272095576
532.4558081986468,62408.41852670017,25016.011590170634,11452.524378964912,22179.681039376992,5624.858734712048,64273.07574322459,-1864.6572165244215
532.5558081986468,62221.20020316766,25046.64706282087,9053.33748172182,22063.718891581855,7075.589929853716,63239.293365978265,-1018.0931628106046
532.6558081986467,62241.265800028035,25077.282535471073,7213.830836226912,21112.831300929392,8799.965417673593,62203.910090300975,37.35570972706046
532.7558081986467,61602.523278380555,25107.91800812131,5827.8156619349065,19488.968683701904,10776.920239854913,61201.622593613036,400.9006847675191
532.8558081986467,60692.67396800332,25138.553480771545,4794.392699042579,17424.753382811636,12952.496941661771,60310.19650428753,382.4774637157898
532.9558081986468,60840.54410205955,25169.18895342178,4025.5627642635163,15150.509104608052,15232.641626239027,59577.902448532375,1262.6416535271783
533.0558081986468,60334.92187903697,25199.824426072017,3449.6009563396256,12854.880319680127,17476.22336692788,58980.52906901965,1354.3928100173216
533.1558081986467,59148.76597419007,25230.459898722216,3011.239606039756,10675.540937484442,19491.65126964038,58408.8917118868,739.874262303274
533.2558081986467,57674.33869919449,25261.095371372452,2669.859922169567,8703.275529893914,21048.162724422036,57682.393547857966,-8.054848663472512
533.3558081986467,56093.27398355639,25291.730844022688,2396.756801516684,6989.102406638312,21918.29482131132,56595.884873489005,-502.61088993261365
533.4558081986468,54052.39345702624,25322.366316672924,2172.254704819155,5551.537732399818,21952.170713943473,54998.32946783537,-945.9360108091278
533.5558081986468,51416.828001712194,25353.00178932316,1983.138694930752,4383.975501274295,21143.589798136578,52863.70578366479,-1446.877781952593
533.6558081986467,49823.980978971,25383.637261973363,1820.6027596956567,3462.257380067782,19633.04547647539,50299.54287821219,-475.561899241191
533.7558081986467,47060.62083933829,25414.2727346236,1678.7393517051084,2751.985569506831,17644.86739845494,47489.86505429048,-429.2442149521885
533.8558081986467,44312.9267342607,25444.908207273835,1553.4972803595028,2214.8914287477564,15411.584668112511,44624.8815844936,-311.9548502329053
533.9558081986468,42288.99588952761,25475.54367992407,1441.9996963895273,1813.7081149774756,13128.561158198001,41859.812649489075,429.18324003853195
534.0558081986468,40106.15210944844,25506.179152574306,1342.115949867264,1515.327184155695,10940.848474815168,39304.470761412435,801.681348036007
534.1558081986467,37784.65405044658,25536.814625224506,1252.2005867020696,1292.3559347489745,8945.941584701228,37027.312731376776,757.3413190698047
534.2558081986467,35810.80113249469,25567.450097874742,1170.93645603228,1123.4200983653977,7200.672955440718,35062.47960771314,748.3215247815533
534.3558081986467,35040.858920098566,25598.085570524978,1097.2399167506292,992.6438127716834,5728.420045121485,33416.389345168776,1624.4695749297898
534.4558081986468,32600.03457186281,25628.721043175217,1030.2019943936182,888.7105123391757,4526.382316984787,32074.015866892798,526.0187049700107
534.5558081986468,31593.596061544937,25659.35651582545,969.0500879699558,803.8132384042232,3573.0712201624287,31005.291062362056,588.3049991828811
534.6558081986467,30536.336783529907,25689.991988475653,913.121534898583,732.6884401875235,2835.650152618017,30171.452116179775,364.8846673501321
534.7558081986467,30243.617672616292,25720.62746112589,861.8442622249216,671.8264576585566,2276.454593307527,29530.752774316894,712.8648982993982
534.8558081986467,29286.148693155657,25751.262933776125,814.7219246907385,618.879893127461,1858.102610644931,29042.967362239255,243.18133091640266
534.9558081986468,29692.616889768597,25781.89840642636,771.3220875484652,572.2495416655198,1546.9162644424937,28672.38630008284,1020.2305896857579
535.0558081986468,28311.008642263532,25812.533879076596,731.2666149676492,530.8102357524172,1314.717960228883,28389.328690025544,-78.32004776201211
535.1558081986467,27986.33432990864,25843.1693517268,694.2237394944598,493.73720058371913,1139.3144724008262,28170.444764205804,-184.110434297163
535.2558081986467,27695.953034439583,25873.80482437703,659.9014576409045,460.3995857753263,1004.0912314691295,27998.19709926239,-302.24406482280756
535.3558081986467,27845.588033675904,25904.44029702727,628.0419943160721,430.29635282605085,897.1279556177277,27859.906599787122,-14.318566111218388
535.4558081986468,27201.77511437458,25935.075769677504,598.4171401097856,403.0176609540685,810.1601671708969,27746.670737912253,-544.8956235376718
535.5558081986468,27422.742670871314,25965.711242327743,570.8243073844626,378.2210995339967,737.5981838474933,27652.354833093697,-229.61216222238363
535.6558081986467,27200.346132023173,25996.346714977943,545.0831818248863,355.6164174268034,675.7113266473831,27572.757640877015,-372.41150885384195
535.7558081986467,28190.84192996038,26026.98218762818,521.0328695685608,334.9551332522716,622.0083918160321,27504.978582265045,685.8633476953364
535.8558081986467,27270.124710437107,26057.617660278414,498.5294584611887,316.02303144166643,574.7993747820959,27446.969524963366,-176.84481452625914
535.9558081986468,27430.32297515168,26088.25313292865,477.44392665345345,298.63445751986313,532.9027428796765,27397.234259981644,33.088715170037176
536.0558081986468,27815.694336672383,26118.888605578886,457.6603435476583,282.6278140377164,495.45875839444665,27354.635521558706,461.05881511367625
536.1558081986467,27852.788791746298,26149.52407822909,439.0743176352672,267.8619136833109,461.81448659767096,27318.27479614534,534.5139956009589
536.2558081986467,27463.165457161736,26180.159550879325,421.5916535099438,254.212978820818,431.45441764667197,27287.41860085676,175.74685630497697
536.3558081986467,27243.00025002907,26210.79502352956,405.127186656516,241.57214748167078,403.9587436139198,27261.453101281666,-18.45285125259761
536.4558081986468,27391.92875121411,26241.430496179797,389.603769785649,229.84338583412782,378.97781375960216,27239.855465559176,152.073285654933
536.5558081986468,27687.00481954594,26272.065968830033,374.951388732363,218.94173173678465,356.21586377448773,27222.174953073667,464.82986647227153
536.6558081986467,28075.411498437945,26302.701441480232,361.10638943787285,208.79181047738024,335.4200598808218,27208.01970127631,867.3917971616356
536.7558081986467,27710.63530594681,26333.33691413047,348.01080043082294,199.32657570361184,316.37266395163357,27197.046954216537,513.5883517302718
536.8558081986467,27024.298549653533,26363.972386780704,335.611737628,190.48623757911935,298.8851240919587,27188.955486079783,-164.65693642625047
536.9558081986468,27867.350208959884,26394.60785943094,323.86088027505565,182.21734724618526,282.7934346721713,27183.47952162435,683.8706873355331
537.0558081986468,27712.19350766124,26425.243332081176,312.71400851918537,174.4720122755257,267.9543927976378,27180.383745673524,531.8097619877153
537.1558081986467,28115.929030100055,26455.87880473138,302.1305945047138,167.20722227433797,254.2425252691066,27179.459146779536,936.4698833205184
537.2558081986467,28589.771489956824,26486.514277381615,292.07344005788013,160.38426745007854,241.5475379986734,27180.519522888248,1409.251967068576
537.3558081986467,27603.546223035628,26517.14975003185,282.5083550172694,153.96823587006202,229.77218334619457,27183.398524265376,420.14769877025174
537.4558081986468,28444.810919046333,26547.785222682087,273.4038711019621,147.92757755425134,218.83046716107137,27187.94713849937,1256.8637805469625
537.5558081986468,27809.2877970605,26578.420695332323,264.7309869178519,142.23372549993078,208.64613472571844,27194.031542475823,615.2562545846777
537.6558081986467,27976.067211136815,26609.056167982522,256.46294030336645,136.86076534656186,199.15138722660117,27201.53126085905,774.5359502777646
537.7558081986467,27620.68070794866,26639.69164063276,248.5750047273835,131.78514671518008,190.28578973805855,27210.33758181338,410.34312613528164
537.8558081986467,27201.728113506008,26670.327113282994,241.04430688873234,126.98543035279643,181.99533898414307,27220.352189508667,-18.62407600265942
537.9558081986468,28243.30685299504,26700.96258593323,233.849663039564,122.44206612086793,174.231664912049,27231.48598000571,1011.8208729893304
538.0558081986468,27936.18648871007,26731.598058583466,226.97143187509585,118.13719762310673,166.95134473226724,27243.658032813935,692.5284558961357
538.1558081986467,28699.80578381372,26762.23353123367,220.39138210686116,114.05448989857813,160.11531180813066,27256.79471504724,1443.011068766482
538.2558081986467,28116.30414988591,26792.869003883905,214.09257307319947,110.17897713397363,153.6883447998884,27270.828898890966,845.475250994943
538.3558081986467,27573.359215586614,26823.50447653414,208.05924694499126,106.49692779214237,147.63862492965734,27285.699276200932,287.65993938568135
538.4558081986468,27597.997724837245,26854.139949184377,202.27673126085017,102.99572492676705,141.93735124500856,27301.349756617,296.64796822024437
538.5558081986468,27918.69074336609,26884.775421834613,196.7313506791174,99.663759768023,136.55840540957217,27317.728937691325,600.961805674764
538.6558081986467,27261.935655292775,26915.410894484812,191.4103469665369,96.49033693035547,131.47805890754165,27334.789637289246,-72.8539819964717
538.7558081986467,27411.207620979967,26946.046367135048,186.30180635888752,93.46558981954264,126.67471667128677,27352.488479984764,58.719140995202906
538.8558081986467,28000.07913457926,26976.681839785284,181.3945935294949,90.58040500853294,122.12869207151797,27370.78553039483,629.2936041844296
538.9558081986468,26993.0471455083,27007.31731243552,176.6782914890793,87.82635451534742,117.82200898254544,27389.643967422493,-396.59682191419415
539.0558081986468,27629.41099372749,27037.952785085756,172.14314681732495,85.19563505657385,113.7382272802931,27409.02979423995,220.3811994875432
539.1558081986467,27113.711922556235,27068.58825773596,167.78001969362984,82.68101346993153,109.86228867006626,27428.911579569587,-315.1996570133524
539.2558081986467,27151.54980811688,27099.22373038619,163.5803382534569,80.2757776024502,106.18038019364673,27449.260226435745,-297.71041831886396
539.3558081986467,27205.177797872213,27129.85920303643,159.5360568486097,77.97369204953891,102.67981314611745,27470.048765080697,-264.8709672084842
539.4558081986468,27161.417783848337,27160.494675686667,155.63961783518505,75.76895820659142,99.34891545386903,27491.252167182312,-329.834383333975
539.5558081986468,26227.231353201805,27191.130148336902,151.88391655332512,73.65617816095259,96.1769358370941,27512.847178888274,-1285.6158256864692
539.6558081986467,27053.743969123916,27221.765620987102,148.26226919828403,71.63032200922588,93.15395831040917,27534.81217050502,-481.0682013811056
539.7558081986467,25819.974604571424,27252.401093637338,144.76838331371422,69.68669823454381,90.27082577116232,27557.12700095676,-1737.152396385336
539.8558081986467,26593.999084237686,27283.036566287574,141.3963306659472,67.82092682161338,87.51907159203162,27579.772895367165,-985.7738111294784
539.9558081986468,26689.771307543997,27313.67203893781,138.14052228254494,66.02891482484223,84.89085827705703,27602.732334322252,-912.9610267782555
540.0558081986468,26676.08316308079,27344.307511588046,134.99568546042573,64.30683413771288,82.3789223625348,27625.98895354872,-949.9057904679285
540.1558081986467,26026.28161292467,27374.94298423825,131.95684256824427,62.65110124017535,79.97652484898275,27649.52745289565,-1623.2458399709794
540.2558081986467,26100.564317577366,27405.578456888485,129.01929148503905,61.058358725915504,77.67740654058119,27673.33351364002,-1572.7691960626544
540.3558081986467,26439.04537442267,27436.21392953872,126.17858753267542,59.52545843339119,75.47574774628919,27697.393723251076,-1258.3483488284073
540.4558081986468,26273.56437715604,27466.849402188956,123.43052677328305,58.04944602378647,73.3661318638985,27721.695506849923,-1448.1311296938838
540.5558081986468,26307.245071965397,27497.484874839192,120.77113055533478,56.627546866102044,71.3435124265088,27746.227064687137,-1438.9819927217395
540.6558081986467,25994.738258041543,27528.120347489392,118.19663120297356,55.25715310454484,69.40318324126507,27770.977315038177,-1776.2390569966337
540.7558081986467,25888.244477016196,27558.755820139628,115.7034587530837,53.93581179660606,67.54075129400783,27795.935841983326,-1907.6913649671296
540.8558081986467,26193.44099372028,27589.391292789864,113.28822865352373,52.66121402193579,65.75211213166504,27821.09284759699,-1627.6518538767086
540.9558081986468,26396.891952300895,27620.0267654401,110.94773034380086,51.431184872415514,64.03342746739968,27846.439108123715,-1449.54715582282
541.0558081986468,25999.630912001274,27650.662238090335,108.67891664672541,50.243674243056056,62.38110478266511,27871.96593376278,-1872.335021761508
541.1558081986467,26203.42209731296,27681.29771074054,106.47889390596892,49.09674835146007,60.791778725710905,27897.66513172368,-1694.2430344107197
541.2558081986467,26128.364633487545,27711.933183390775,104.3449128102577,47.988581920827826,59.26229412838631,27923.528972250246,-1795.164338762701
541.3558081986467,25861.6707454839,27742.56865604101,102.27435985021874,46.91745096795372,57.78969048270693,27949.55015734189,-2087.87941185799
541.4558081986468,26139.03130146025,27773.204128691246,100.2647493585359,45.88172614335799,56.37118773581465,27975.721791928954,-1836.6904904687035
541.5558081986468,25813.43682436313,27803.839601341482,98.31371608843504,44.87986657586838,55.00417327719985,28002.037357282985,-2188.600532919856
541.6558081986467,26253.854214662475,27834.47507399168,96.41900828933142,43.91041417851967,53.68619000540969,28028.490686464942,-1774.636471802467
541.7558081986467,26811.449900419047,27865.110546641918,94.57848124197794,42.97198837673716,52.41492537330228,28055.075941633935,-1243.6260412148877
541.8558081986467,26377.248151214753,27895.746019292157,92.79009121866743,42.063281223461544,51.18820132140844,28081.787593055695,-1704.5394418409414
541.9558081986468,25483.576311724682,27926.38149194239,91.05188983684756,41.18305286912532,50.003965018191934,28108.620399666554,-2625.044087941871
542.0558081986468,26011.069728712384,27957.01696459263,89.36201877719769,40.33012735738353,48.86028033428932,28135.5693910615,-2124.499662349117
542.1558081986467,26158.878726649942,27987.65243724283,87.71870483954939,39.50338872013572,47.75531998510044,28162.629850787613,-2003.7511241376706
542.2558081986467,26608.840891661494,28018.287909893064,86.12025531219922,38.701777347766026,46.68735828261796,28189.79730083565,-1580.9564091741559
542.3558081986467,26195.45992606103,28048.9233825433,84.56505363216677,37.92428661270016,45.65476444321425,28217.067487231383,-2021.6075611703527
542.4558081986468,26220.57485881092,28079.558855193536,83.0515553156818,37.169959726285704,44.65599640324001,28244.436366638743,-2023.8615078278235
542.5558081986468,26299.687234004898,28110.194327843772,81.57828413988652,36.43788681078757,43.6895950989606,28271.900093893408,-1972.2128598885101
542.6558081986467,26509.295869892892,28140.82980049397,80.1438285581958,35.72720216985464,42.754179171469545,28299.455010393493,-1790.1591405006002
542.7558081986467,26015.535150399875,28171.46527314421,78.7468383331258,35.037081742246826,41.84844006092724,28327.09763328051,-2311.562482880636
542.8558081986467,26291.616025375177,28202.100745794443,77.38602137168157,34.36674072492406,40.97113745781715,28354.824645348865,-2063.2086199736877
542.9558081986468,27214.258163583705,28232.736218444683,76.06014074948081,33.71543135274603,40.121095081857696,28382.63288562877,-1168.3747220450641
543.0558081986468,26725.340578898937,28263.371691094915,74.76801191089352,33.08244082312553,39.297196761926955,28410.51934059086,-1685.1787616919246
543.1558081986467,26639.4685928323,28294.00716374512,73.50850003340378,32.46708935492964,38.49838279274668,28438.4811359262,-1799.012543093897
543.2558081986467,26243.71589074112,28324.642636395354,72.28051754528079,31.868728371803936,37.723646546246535,28466.515528858687,-2222.7996381175653
543.3558081986467,26969.70805622895,28355.27810904559,71.08302178648215,31.286738800908196,36.97203131750513,28494.619900950485,-1524.911844721537
543.4558081986468,26963.91621480072,28385.913581695826,69.91501280340319,30.720529478756546,36.242627386900494,28522.791751364886,-1558.8755365641664
543.5558081986468,27237.078755833012,28416.549054346062,68.77553126881882,30.16953565654288,35.53456928173163,28551.028690553154,-1313.9499347201418
543.6558081986467,26801.45092621866,28447.184526996265,67.66365651896135,29.633217597923842,34.847033221998004,28579.328434335148,-1777.8775081164895
543.7558081986467,26771.38303252149,28477.819999646497,66.5785047002565,29.11105926278448,34.17923473633283,28607.688798345873,-1836.3057658243815
543.8558081986467,26876.91734483031,28508.455472296737,65.51922701879678,28.602567071028695,33.53042643528557,28636.107692821846,-1759.1903479915345
543.9558081986468,27525.575522670864,28539.09094494697,64.48500808607552,28.107268740876382,32.89989593019626,28664.58311770412,-1139.007595033254
544.0558081986468,26770.496584686964,28569.72641759721,63.47506435500273,27.624712196592895,32.286963886907415,28693.11315803571,-1922.616573348747
544.1558081986467,26771.749673758404,28600.361890247408,62.488642640614046,27.154464540950357,31.69098220442932,28721.6959796334,-1949.946305874997
544.2558081986467,27742.169766278214,28630.997362897644,61.52501872027027,26.696111088075288,31.11133230948158,28750.32982501547,-1008.1600587372559
544.3558081986467,27535.186312094644,28661.63283554788,60.58349600852362,26.249254452672186,30.547423558581087,28779.013009567658,-1243.826697473014
544.4558081986468,27718.995951071523,28692.268308198116,59.66340430211553,25.813513691892165,29.99869173999099,28807.743917932115,-1088.747966860592
544.5558081986468,28066.68750844474,28722.90378084835,58.764098590915054,25.38852349640803,29.46459766847894,28836.521000604153,-769.8334921594142
544.6558081986467,27833.920540088187,28753.53925349855,57.88495793086593,24.973933427498046,28.944625866375134,28865.34277072329,-1031.422230635104
544.7558081986467,28112.237775461457,28784.17472614879,57.025384375271535,24.569407197172307,28.43828332492962,28894.207801046163,-781.9700255847056
544.8558081986467,28499.079212297554,28814.810198799023,56.184801961009704,24.174621988597902,27.945098340444297,28923.114721089074,-424.03550879151953
544.9558081986468,28590.8086871587,28845.445671449263,55.362655746457186,23.789267814258583,27.464619420059186,28952.062214430036,-361.25352727133577
545.0558081986468,28558.335610215498,28876.081144099495,54.55841089814798,23.413046909481835,26.996414252482325,28981.049016159606,-422.7134059441087
545.1558081986467,28458.407239734173,28906.716616749698,53.771551823361676,23.045673159123226,26.54006873929691,29010.07391047148,-551.6666707373079
545.2558081986467,29022.38216791006,28937.352089399934,53.00158134601854,22.686871555352162,26.095186082806684,29039.13572838411,-16.753560474051483
545.3558081986467,28967.98756205017,28967.98756205017,52.248019923442705,22.336377684633177,25.661385926690514,29068.233345584937,-100.24578353476682
