binding_energy_eV,raw_intensity,background,component:aromatic_C-C_C=C,component:C-N_C-Cl,component:imide_N-C=O,component:acid_O-C=O,total_fit,residual
275.00005371093744,8650.470700538493,8650.470700538493,271.4357773132279,55.27694787283933,32.37669233874732,17.29030550963104,9026.85042357294,-376.3797230344462
275.10005371093735,8902.386471427351,8707.920653340982,277.2505985538931,56.36279286114,32.88208724558598,17.526861264259455,9091.94299326586,-189.55652183850907
275.2000537109375,9217.880773083345,8765.3706061436,283.2540024714496,57.48091593584443,33.39939658430378,17.768297259840022,9157.27321839504,60.607554688305754
275.3000537109374,9415.958665916865,8822.82055894609,289.4542197623693,58.63260783693612,33.92899742505434,18.014748447395117,9222.851132417845,193.10753349902006
275.4000537109375,8648.913484004726,8880.27051174871,295.85993437176614,59.81922440112725,34.47128185775088,18.266354467278454,9288.687306846632,-639.7738228419057
275.50005371093744,8892.141904643662,8937.720464551197,302.480313727281,61.042190537107544,35.02665771495991,18.523259845739794,9354.792886376286,-462.65098173262413
275.60005371093735,9411.665004055349,8995.170417353685,309.32504134838223,62.30300448662644,35.595549335687785,18.78561420116206,9421.179626725543,-9.514622670194512
275.7000537109375,8787.45559754409,9052.620370156306,316.4043520460136,63.6032423950397,36.17839837268929,19.053572460502547,9487.859935430552,-700.4043378864608
275.8000537109374,8785.612869803701,9110.070322958794,323.72906995016893,64.94456321727242,36.77566464616587,19.3272950865244,9554.846915858925,-769.2340460552241
275.9000537109375,8613.49522593893,9167.520275761413,331.31064962774036,66.32871398762427,37.38782704693542,19.60694831644279,9622.154414740156,-1008.6591888012263
276.00005371093744,9130.516571134656,9224.970228563901,339.1612205800057,67.75753548446457,38.01538449233787,19.892704412628447,9689.797073533338,-559.2805023986821
276.10005371093735,8829.641536475767,9282.420181366391,347.2936354409082,69.23296832405566,38.658856938464496,20.184741926088208,9757.790383995907,-928.1488475201404
276.2000537109375,8921.95258457829,9339.87013416901,355.72152223092,70.7570595209275,39.318786452494074,20.483245973454107,9826.150748346807,-904.1981637685167
276.3000537109374,9488.784080037922,9397.320086971498,364.4593410606026,72.33196955605513,39.995738349259476,20.788408528283444,9894.895544465699,-406.1114644277768
276.4000537109375,9541.015278442304,9454.770039774117,373.5224457215114,73.95997999823597,40.69030239648977,21.100428727526698,9964.04319661788,-423.0279181755759
276.50005371093744,9118.455890081033,9512.219992576605,382.9271506502651,75.64350172854074,41.40309409346479,21.41951319405269,10033.613252242929,-915.1573621618954
276.60005371093735,8923.380984127223,9569.669945379095,392.69080380768696,77.38508382303549,42.13475602828008,21.74587637621987,10103.626465414318,-1180.2454812870947
276.7000537109375,9271.037760839845,9627.119898181714,402.8318660758098,79.18742315449117,42.885959319244556,22.079740905510256,10174.10488763677,-903.0671267969246
276.8000537109374,9121.101279199156,9684.569850984202,413.36999784617325,81.05337478030518,43.6574051464328,22.421337973337657,10245.071966730451,-1123.970687531295
276.9000537109375,8745.65249144779,9742.019803786821,424.32615355196447,82.98596319100525,44.449826379903634,22.770907728219633,10316.552654637915,-1570.9001631901247
277.00005371093744,9169.002288715716,9799.469756589311,435.7226849851873,84.98839450154297,45.263989311564785,23.12869969455767,10388.573525082164,-1219.571236366448
277.10005371093735,8715.176140185915,9856.9197093918,447.5834543427893,87.0640696767657,46.10069549833846,23.494973214401334,10461.162902124093,-1745.9867619381785
277.2000537109375,9270.3713854493,9914.369662194418,459.9339580595041,89.21659889226345,46.960783724817546,23.869997913625138,10534.351000784629,-1263.979615335329
277.3000537109374,9441.433650428926,9971.819614996906,472.8014626169461,91.44981714321639,47.845132094354014,24.254054194077053,10608.1700810455,-1166.7364306165746
277.4000537109375,8812.259294281988,10029.269567799525,486.2151536677196,93.76780122657557,48.754660258280836,24.6474337533707,10682.654616705471,-1870.3953224234829
277.50005371093744,9062.574032687913,10086.719520602015,500.2062999824368,96.1748882360316,49.690331793725285,25.05044013408305,10757.841480748291,-1695.2674480603782
277.60005371093735,9056.176748931297,10144.169473404503,514.808433923592,98.67569572563868,50.65315674148831,25.46338930429753,10833.77014909952,-1777.5934001682235
277.7000537109375,8775.42218601615,10201.619426207122,530.0575503712473,101.27514371590857,51.64419431634751,25.886610271525093,10910.482924882152,-2135.060738866001
277.8000537109374,8699.608746456928,10259.06937900961,545.9923262818144,103.97847873699335,52.66455580330244,26.320445732218573,10988.025185563938,-2288.41643910701
277.9000537109375,8687.46476548562,10316.519331812231,562.6543633546905,106.7913001269657,53.715407654484046,26.7652527592626,11066.445655707634,-2378.980890222014
278.00005371093744,8880.20698972524,10373.969284614719,580.0884566179449,109.7195888295202,54.79797480268628,27.221403529965425,11145.796708394835,-2265.5897186695947
278.10005371093735,9350.181392701888,10431.419237417207,598.342892135749,112.76973896591481,55.9135442090553,27.68928609732698,11226.134698825254,-1875.953306123365
278.2000537109375,9103.012138757114,10488.869190219826,617.4697774884044,115.94859248997173,57.06346866394029,28.169305207513727,11307.520334069657,-2204.5081953125427
278.3000537109374,8996.465634635231,10546.319143022316,637.5254091984016,119.26347727433726,58.249170861751026,28.66188316673299,11390.019083523539,-2393.5534488883077
278.4000537109375,8536.114713671408,10603.769095824935,658.5706818810805,122.72224902097186,59.47214777261695,29.16746076095044,11473.701635260555,-2937.586921589147
278.50005371093744,8797.314681633437,10661.219048627423,680.6715446004881,126.33333743979068,60.733975335692755,29.686498232124173,11558.644404235518,-2761.3297226020804
278.60005371093735,8818.124285919977,10718.669001429911,703.8995107336383,130.10579719851182,62.03631350147647,30.219476314983957,11644.930099178522,-2826.8058132585447
278.7000537109375,8314.537531386895,10776.11895423253,728.332228601979,134.04936421380572,63.38091165298288,30.766897338641883,11732.64835603994,-3418.110824653044
278.8000537109374,8723.330966423013,10833.56890703502,754.0541212523843,138.17451793173262,64.76961443861755,31.329286397707335,11821.896447055462,-3098.565480632449
278.9000537109375,8835.018332808038,10891.018859837639,781.1571050871435,142.49255033500427,66.20436805283062,31.907192597961267,11912.78007591058,-3077.761743102541
279.00005371093744,8690.563122550931,10948.468812640127,809.7413985900721,147.0156425177092,67.68722700409964,32.501190382013576,12005.414271134021,-3314.8511485830895
279.10005371093735,8864.000465529287,11005.918765442617,839.9164342272936,151.75694978841247,69.22036141394484,33.11188094088925,12099.924391813158,-3235.923926283871
279.2000537109375,9190.492234013202,11063.368718245236,871.8018887605169,156.7306964009703,70.80606489493387,33.73989371791202,12196.447262019568,-3005.955028006367
279.3000537109374,8962.387086415976,11120.818671047724,905.5288497774693,161.9522811742938,72.44676306067578,34.385888011838304,12295.132453072001,-3332.745366656025
279.4000537109375,9309.744517843577,11178.268623850343,941.241139294906,167.4383954506249,74.14502272631395,35.05055468678793,12396.143736008977,-3086.3992181653994
279.50005371093744,8538.411325508925,11235.718576652831,979.0968189254131,173.2071550614061,75.90356186403756,35.73461799711307,12499.6607305008,-3961.249404991875
279.60005371093735,8762.219413098204,11293.16852945532,1019.2699054560962,179.27824822798337,77.7252603852,36.438837536136134,12605.880781060736,-3843.6613679625316
279.7000537109375,8707.105802764807,11350.61848225794,1061.9523309059828,185.673101625959,79.61317182810889,37.16401031838383,12715.021096936374,-4007.9152941715674
279.8000537109374,9028.439795247481,11408.068435060428,1107.3561874185093,192.41506719803974,81.57053603928918,37.91097300584878,12827.321198722115,-3798.8814034746338
279.9000537109375,8697.77613775121,11465.518387863047,1155.7163049380263,199.52963271980076,83.60079294569096,38.68060428975164,12943.045722756317,-4245.269585005106
280.00005371093744,8628.730495249474,11522.968340665535,1207.2932188144734,207.04465961846003,85.70759752600554,39.473827440247796,13062.487644064722,-4433.757148815248
280.10005371093735,9487.84608339356,11580.418293468025,1262.3765956699965,214.9906521341456,87.89483610170369,40.29161303775092,13185.971990411621,-3698.1259070180604
280.2000537109375,9294.557513225787,11637.868246270644,1321.289199501266,223.4010626123276,90.16664408190965,41.134981900701376,13313.860134366849,-4019.3026211410615
280.3000537109374,9170.147552896367,11695.318199073132,1384.3914967051344,232.31263855169726,92.52742531188845,42.00500822604529,13446.554767867898,-4276.40721497153
280.4000537109375,8931.704204748707,11752.76815187575,1452.0870192571824,241.76581803103753,94.98187319245498,42.902822960215026,13584.50568531664,-4652.801480567934
280.50005371093744,9285.703234726949,11810.218104678239,1524.8286306195932,251.80518133716748,97.53499375724144,43.829617420012674,13728.216527812254,-4442.513293085305
280.60005371093735,8822.32153486517,11867.668057480729,1603.125870389868,262.47996806115344,100.19213091750473,44.78664718476388,13878.252674034018,-5055.931139168848
280.7000537109375,9706.617199425777,11925.118010283348,1687.5535928553713,273.8446706733341,102.95899410933238,45.775236283056216,14035.250504204441,-4328.633304778665
280.8000537109374,9187.531483824054,11982.567963085836,1778.7621637645198,285.95971770310143,105.84168860724006,46.79678169972199,14199.928314860419,-5012.396831036365
280.9000537109375,9892.362591543511,12040.017915888457,1877.4895419625543,298.89226222207634,108.8467488011247,47.852758231256765,14373.09922710547,-4480.736635561958
281.00005371093744,9235.104279038156,12097.467868690945,1984.5756531041109,312.7170944693938,111.98117477087251,48.94472372058652,14555.686514755907,-5320.582235717751
281.10005371093735,9043.034613676564,12154.917821493433,2100.9795703288723,327.5177013089748,115.25247253618284,50.07432470533891,14748.741890372801,-5705.707276696237
281.2000537109375,9527.563235435682,12212.367774296052,2227.8001688472464,343.3874999437082,118.66869840788296,51.243302517110806,14953.467444012,-5425.904208576318
281.3000537109374,9955.683404280413,12269.817727098542,2366.301154180465,360.4312791638129,122.23850792347794,52.45349987316452,15171.242168239462,-5215.5587639590485
281.4000537109375,10202.769833597522,12327.26767990116,2517.941755320653,378.76688866570794,125.97120991427032,53.70686800629293,15403.654401808086,-5200.884568210564
281.50005371093744,9957.942536540284,12384.717632703649,2684.415090023583,398.5272260202151,129.87682632536087,55.00547438329925,15652.542249456106,-5694.599712915822
281.60005371093735,10437.86132505419,12442.167585506137,2867.6975895286637,419.86258218946716,133.96615849585802,56.351511068051494,15920.045426788176,-5482.184101733987
281.7000537109375,10567.191474266396,12499.617538308758,3070.1155748436386,442.94342072138414,138.25086070497196,57.747303790921265,16208.674698369672,-5641.483224103276
281.8000537109374,10845.173721561374,12557.067491111246,3294.440308986621,467.9636837368536,142.74352190424528,59.19532179323206,16521.410327532198,-5676.236605970824
281.9000537109375,10031.522309378654,12614.517443913865,3544.032626071489,495.1447406839272,147.45775668869646,60.69818852288706,16861.850755880863,-6830.32844650221
282.00005371093744,10882.739170872423,12671.967396716353,3823.0756049019487,524.7401251006763,152.4083067132,62.258693265690596,17234.45012669787,-6351.710955825447
282.10005371093735,11647.859027813218,12729.41734951884,4136.9626783311405,557.0412425365897,157.61115394015403,63.87980380656812,17644.912228133293,-5997.053200320075
282.2000537109375,12188.421718893185,12786.867302321461,4492.953022799373,592.3842828704618,163.08364731295467,65.5646802254108,18100.852935529663,-5912.431216636478
282.3000537109374,12442.530600245678,12844.31725512395,4901.267652075129,631.1586390182679,168.84464469458283,67.3166899444475,18612.90488085638,-6170.3742806107
282.4000537109375,12293.988980199729,12901.767207926569,5376.873119204493,673.8172349152425,174.9146721971407,69.13942415767045,19196.511658401116,-6902.522678201387
282.50005371093744,13076.051138254039,12959.217160729058,5942.266606872522,720.8893291680852,181.31610336429938,71.03671578808189,19874.72591592205,-6798.6747776680095
282.60005371093735,14197.48577358729,13016.667113531545,6631.597824496246,772.9966576279584,188.0733610657333,73.0126591361521,20682.347615857634,-6484.861842270344
282.7000537109375,15139.685715840093,13074.117066334165,7496.377567626169,830.8743689681472,195.21314542992377,75.07163140238077,21671.65377976079,-6531.968063920696
282.8000537109374,16600.2728917553,13131.567019136653,8612.751752536093,895.3994393778406,202.7646916961883,77.21831628937025,22919.701219036146,-6319.428327280846
282.9000537109375,18960.443793920895,13189.016971939272,10089.793022592927,967.631824932601,210.7600625244257,79.45772991426566,24536.65961190349,-5576.2158179825965
283.00005371093744,20891.82005574071,13246.466924741762,12077.46250318506,1048.8788106018517,219.23448008304507,81.7952492911892,26673.83796790291,-5782.017912162199
283.10005371093735,23631.961376134994,13303.916877544249,14771.915883200149,1140.802956683591,228.2267041704656,84.23664367655603,29529.09906527501,-5897.137689140018
283.2000537109375,28543.168938703817,13361.36683034687,18414.922586510063,1245.6116789771172,237.77946374250868,86.78810910755826,33346.468668684116,-4803.299729980299
283.3000537109374,34129.89169835385,13418.816783149357,23283.73980391207,1366.3949341527332,247.93995056058654,89.45630650735349,38406.3477782821,-4276.456079928248
283.4000537109375,42743.195500971,13476.266735951976,29668.294013507533,1507.7178761151176,258.76038529176157,92.24840377988205,45003.28741464627,-2260.091913675271
283.50005371093744,52823.98314873411,13533.716688754466,37834.267240284236,1676.6227253728314,270.2986683435814,95.17212237371538,53410.07744512883,-586.0942963947236
283.60005371093735,64402.43999107711,13591.166641556954,47973.49124769145,1884.231182982593,282.6191300861022,98.23578885994957,63829.74399117705,572.695999900061
283.7000537109375,79823.60760938984,13648.616594359573,60146.002194292414,2148.1299946832296,295.7933979978616,101.44839214424843,76339.99057347733,3483.61703591251
283.8000537109374,94691.17274178895,13706.066547162061,74219.52874312787,2495.6134096180945,309.9014018119077,104.81964702090785,90835.92974874083,3855.2429930481157
283.9000537109375,112870.18572087656,13763.51649996468,89810.38228503594,2967.5869767293534,325.0325421200912,108.36006487915988,106974.87836872923,5895.307352147327
284.00005371093744,129726.7126922836,13820.96645276717,106225.33329727697,3622.474003171802,341.2870534074929,112.08103249239373,124122.14183911582,5604.570853167781
284.10005371093735,144660.15413809108,13878.416405569658,122405.00044432424,4538.853531072334,358.7775996203561,115.99489996580881,141297.04288055238,3363.111257538694
284.2000537109375,158688.30158516724,13935.866358372277,136894.9277473544,5814.968131575422,377.6311499876908,120.11507909371495,157143.5084663835,1544.7931187837385
284.3000537109374,166391.80554521215,13993.316311174767,147935.47860347352,7562.9752961694185,397.99119660388806,124.45615359834271,170014.21756101996,-3622.412015807815
284.4000537109375,173568.90267443884,14050.766263977384,153808.5755873883,9896.228200639198,420.0203965418121,129.03400300682515,178304.6244515535,-4735.721777114668
284.50005371093744,174878.74230295495,14108.216216779874,153438.7832359565,12909.15073890405,443.9037565112112,133.86594230438754,181033.91989045605,-6155.1775875010935
284.60005371093735,174067.08825641448,14165.666169582364,146897.46652663487,16651.16225431028,469.85253984887316,138.9708800338097,178323.1183704102,-4256.0301139957155
284.7000537109375,172428.93191209654,14223.116122384981,135366.38982301657,21097.693526655054,498.1091872312973,144.3694982769121,171329.67815756483,1099.2537545317027
284.8000537109374,165926.55076065805,14280.566075187471,120595.96566407982,26121.242520284854,528.953745382278,150.0844590901622,161676.81246402458,4249.73829663347
284.9000537109375,156652.29342616105,14338.01602799009,104322.43532868593,31463.140357893993,562.7126618871647,156.14064368310767,150842.4450201403,5809.848406020756
285.00005371093744,146294.25317824236,14395.465980792578,87955.83623943961,36706.127436121475,599.7714386804907,162.56543324716182,139819.76652828133,6474.486649961036
285.10005371093735,130374.23585254778,14452.915933595068,72510.85860185797,41261.53989955459,640.5937006784078,169.38904434528743,129035.29718003132,1338.9386725164513
285.2000537109375,119542.26528468661,14510.365886397685,58642.08681116259,44423.62024562743,685.7509350237866,176.6449378540586,118438.46881606555,1103.7964686210616
285.3000537109374,105039.27840359538,14567.815839200175,46701.28407021296,45563.521934456854,735.969713648714,184.37032958858538,107752.96188710727,-2713.6834835118934
285.4000537109375,93304.66712742201,14625.265792002794,36795.51126566519,44421.21858450099,792.2067899563746,192.6068442589615,96826.80927638432,-3522.1421489623026
285.50005371093744,81505.61645845449,14682.715744805282,28846.462162405616,41257.26460991374,855.7670120899945,201.40137401681486,85843.61090323146,-4337.994444776967
285.60005371093735,73786.02258651522,14740.165697607772,22650.94966680612,36700.74436482016,928.4840308898648,210.80723065577064,75231.15099077969,-1445.1284042644693
285.7000537109375,65011.84856091111,14797.615650410391,17938.181479312447,31457.364873551378,1012.9880735623772,220.88571892585938,65427.035795762444,-415.18723485133523
285.8000537109374,58146.91809280431,14855.065603212879,14418.075790280505,26115.61575786047,1113.086362889314,231.70830987505732,56733.55182411823,1413.3662686860844
285.9000537109375,51222.4793464118,14912.515556015498,11816.563067227593,21092.573837890188,1234.2767276011236,243.35965972053117,49299.28884845493,1923.1904979568644
286.00005371093744,44980.542537679525,14969.965508817986,9896.826272606833,16646.751926490542,1384.3993991403884,255.94180245747802,43153.88490951323,1826.6576281662929
286.10005371093735,39342.66252453786,15027.415461620476,8468.146475997999,12905.526303367702,1574.4018912047395,269.5799420720162,38245.070074262934,1097.5924502749258
286.2000537109375,35199.490774209415,15084.865414423095,7385.620320393451,9893.371003374155,1819.1450642063455,284.4303781448161,34467.432180541866,732.0585936675488
286.3000537109374,32717.534358409626,15142.315367225583,6544.397900271337,7560.802997516201,2138.1171076043165,300.69120698151806,31686.324579598957,1031.2097788106694
286.4000537109375,29380.159664832678,15199.765320028204,5871.583602847355,5813.364898288121,2555.8550194383697,318.61653250088824,29759.18537310294,-379.02570827026284
286.50005371093744,27929.4113962665,15257.21527283069,5318.01042588217,4537.695284290559,3101.816960828287,338.5349720181868,28553.272915849895,-623.8615195833954
286.60005371093735,26878.86791083382,15314.66522563318,4851.130890334408,3621.6461353806512,3809.426940381129,360.87321798680983,27957.74240971618,-1078.87449888236
286.7000537109375,27618.772798992315,15372.1151784358,4449.497417912302,2966.994043499183,4714.050193985265,386.1852758816344,27888.842109714184,-270.06931072186853
286.8000537109374,27330.399493824174,15429.565131238287,4098.810161403253,2495.1821048630773,5849.769304743217,415.18769392351544,28288.514396171347,-958.1149023471735
286.9000537109375,27968.985055984,15487.015084040908,3789.2646606224066,2147.807621177879,7245.011800325956,448.8005863203025,29117.89975248745,-1148.9146965034488
287.00005371093744,28725.01170935108,15544.465036843394,3513.862307131503,1883.9818507999546,8917.289681115222,488.1934921284817,30347.792368018556,-1622.7806586674742
287.10005371093735,30336.49784492694,15601.914989645884,3267.3761776281794,1676.422987590601,10867.470928088362,534.8340926768193,31948.019175629845,-1611.5213307029044
287.2000537109375,33330.764547980245,15659.364942448501,3045.733968341961,1507.5528213919329,13074.009521919275,590.5365535694142,33877.19780767108,-546.4332596908353
287.3000537109374,36837.83200004344,15716.814895250991,2845.652498371515,1366.2551601900184,15487.346041984885,657.5048341137596,36073.573429911165,764.258570132275
287.4000537109375,38163.504704618885,15774.264848053612,2664.4179420183686,1245.491178648766,18024.364804972105,738.3648491338646,38446.903622826714,-283.3989182078294
287.50005371093744,42967.13392575008,15831.714800856098,2499.748456505551,1140.697755561991,20562.891637645214,836.1780700405016,40871.230720609354,2095.9032051407266
287.60005371093735,45423.22697832297,15889.164753658588,2349.7032466591545,1048.7861425374272,22937.884718674835,954.4282623369205,43179.967123866925,2243.259854456046
287.7000537109375,47122.148780416486,15946.614706461207,2212.6184116658683,967.5496558164998,24945.263332852483,1096.9728533992254,45169.01896019528,1953.1298202212056
287.8000537109374,47907.193182001574,16004.064659263695,2087.0590370959317,895.3261991361774,26364.207788842876,1267.9511722358823,46618.60885657456,1288.5843254270148
287.9000537109375,46569.939245371635,16061.514612066316,1971.7818515187819,830.8088007230726,27005.50434682441,1471.6436937622675,47341.25330489485,-771.314059523218
288.00005371093744,45769.57502703093,16118.964564868804,1865.7052705791991,772.9377300780482,26773.212407777854,1712.279500090456,47243.09947339436,-1473.52444636343
288.10005371093735,42998.75553949398,16176.414517671292,1767.884929030049,720.8361824798882,25702.88315825641,1993.7932652162394,46361.81205265388,-3363.0565131598996
288.2000537109375,43037.12027821056,16233.86447047391,1677.493466839873,673.7691446478519,23946.86275342026,2319.537716089955,44851.52755147185,-1814.4072732612913
288.3000537109374,41974.62286209398,16291.314423276399,1593.8037025113913,631.1149902669755,21718.497425171976,2691.9619438228324,42926.69248504957,-952.0696229555906
288.4000537109375,41516.44637409054,16348.76437607902,1516.174547349305,592.3445506924003,19234.129334128804,3112.2690693544723,40803.681877604,712.7644964865394
288.50005371093744,39608.03556024965,16406.214328881506,1444.0391600279977,557.0049765987205,16678.5898897026,3580.0674011951687,38665.91575640599,942.119803843656
288.60005371093735,38071.4109987707,16463.664281683996,1376.8949446816086,524.7069373776707,14194.119315732954,4093.026340523048,36652.41181999928,1418.999178771417
288.7000537109375,36955.21957673084,16521.114234486617,1314.295073868211,495.1142954742079,11881.653419922575,4646.541702488264,34858.71872623987,2096.500850490964
288.8000537109374,34569.89193996163,16578.564187289106,1255.8412783582187,467.9356894907867,9805.929552246682,5233.406581879281,33341.67728926407,1228.214650697555
288.9000537109375,33616.052604187396,16636.014140091724,1201.1776935487721,442.9176233101615,8001.056955439466,5843.478733820646,32124.64514621077,1491.4074579766275
289.00005371093744,32663.238042267152,16693.46409289421,1149.9855904797523,419.8387593329574,6476.060992922641,6463.344385154918,31202.69382078448,1460.5442214826726
289.10005371093735,31047.981119769407,16750.9140456967,1101.978850071158,398.5051826509893,5220.578124696187,7076.0177089941735,30547.993912109207,499.9872076602005
289.2000537109375,29820.765675595885,16808.36399849932,1056.9000639482313,378.74645305611614,4210.649317226203,7660.800879078743,30115.460711808613,-294.69503621272816
289.3000537109374,29080.861229162223,16865.81395130181,1014.5171652705507,360.4122996765157,3414.2594274052763,8193.558984283409,29848.561827937563,-767.70059877534
289.4000537109375,27362.204021329977,16923.263904104428,974.62050930357,343.3698422940081,2796.174266091095,8647.783194042946,29685.21171583605,-2323.007694506072
289.50005371093744,27007.620984849204,16980.713856906914,937.0203368084192,327.5012462503863,2321.727005850752,8996.795061344246,29563.757507160717,-2556.1365223115135
289.60005371093735,27624.56871091894,17038.163809709404,901.5445642534789,312.70173582877635,1959.4036390878318,9217.125930226932,29428.93967910642,-1804.3709681874825
289.7000537109375,25704.146527406356,17095.613762512025,868.036853852588,298.877905226435,1682.2790346397182,9292.46934283628,29237.276899067045,-3533.130371660689
289.8000537109374,25963.715097618988,17153.063715314514,836.3549238589912,285.94627754959384,1468.5020305661847,9216.964961783031,28960.831909072316,-2997.1168114533284
289.9000537109375,26756.040799874456,17210.513668117135,806.3690656975731,273.8320713028674,1301.0992982129433,8996.485485999008,28588.299589329526,-1832.2587894550707
290.00005371093744,26182.178521771264,17267.96362091962,777.9608396340211,262.46814110392376,1167.370809706237,8647.347079704185,28123.110491067986,-1940.931969296722
290.10005371093735,25102.471943811204,17325.413573722108,751.0219249386435,251.79406520254884,1058.1065946355502,8193.023958586899,27579.36011708575,-2476.8881732745467
290.2000537109375,26490.845272923416,17382.86352652473,725.4531040713165,241.75535712035247,966.7899372207478,7660.196017363711,26977.057942300857,-486.21266937744076
290.3000537109374,26265.76144684561,17440.31347932722,701.1633634011954,232.302782575135,888.8864848663674,7075.370493834777,26338.036604004694,-72.27515715908521
290.4000537109375,26994.99969279614,17497.76343212984,678.0690954896306,223.39176599442993,821.2644274009835,6462.678999666015,25683.1677206809,1311.8319721152402
290.50005371093744,27350.063769793353,17555.213384932325,656.0933900874307,214.98187349550432,761.7529762038417,5842.815416488313,25030.857041207415,2319.2067285859375
290.60005371093735,26492.142022571672,17612.66333773481,635.1654027880473,207.03636132216803,708.8243767778285,5232.761612576003,24396.45109119886,2095.690931372814
290.7000537109375,27274.739081675165,17670.113290537432,615.2197918020088,199.52178047403726,661.3752221378055,4645.927671945052,23792.157756896337,3482.5813247788283
290.8000537109374,26864.512460876573,17727.563243339922,596.1962146086797,192.4076297068527,618.5816245590212,4092.452505173467,23227.20121738794,3637.3112434886316
290.9000537109375,27187.326008528853,17785.01319614254,578.0388773431991,185.66605028155394,579.806033284653,3579.540044469349,22708.064201521294,4479.261807007559
291.00005371093744,24922.45739684683,17842.46314894503,560.6961307189397,179.27155683935416,544.5383796352768,3111.7918555431024,22238.761071681703,2683.696325165125
291.10005371093735,25670.67107139564,17899.91310174752,544.1201070891142,173.20079961408862,512.3591104458341,2691.536273196165,21821.12939209272,3849.5416793029217
291.2000537109375,25617.179161877517,17957.363054550136,528.2663939449277,167.43235389390134,482.91573601442883,2319.163089557637,21455.14062796103,4162.038533916486
291.3000537109374,24818.390444378096,18014.813007352626,513.0937397407937,161.94653323220473,455.90754703756255,1993.4676580666255,21139.228485429812,3679.1619589482834
291.4000537109375,24021.494204982784,18072.262960155243,498.56378844980395,156.72522340403233,431.07523334786623,1711.9997356301312,20870.626940987077,3150.8672639957076
291.50005371093744,24903.678245984633,18129.712912957733,484.64083969650846,151.75173452377618,408.1934737787074,1471.405802547542,20645.70476350427,4257.973482480364
291.60005371093735,24535.863497050253,18187.16286576022,471.29163169527925,147.0106690951688,387.0653811494781,1267.7507214776128,20460.281269177758,4075.5822278724954
291.7000537109375,24382.178388190583,18244.61281856284,458.48514455666395,142.48780406723304,367.5181616890148,1096.80523338836,20309.909162264114,4072.2692259264695
291.8000537109374,24369.067069183762,18302.06277136533,446.1924218115984,138.16998522694922,349.3996163777911,954.2889209996715,20190.11371578134,4178.953353402423
291.9000537109375,24881.659173757133,18359.51272416795,434.3864082547506,134.04503247933033,332.57525984694917,836.0626917579303,20096.58211650691,4785.077057250222
292.00005371093744,23130.115017053136,18416.962676970437,423.04180242839215,130.10165475419288,316.92591400878655,738.2694787859637,20025.301526947773,3104.8134901053636
292.10005371093735,22817.145837762448,18474.412629772924,412.1349222581218,126.32937343991138,302.3456793003571,657.4259511966527,19972.648555967968,2844.49728179448
292.2000537109375,22719.60109215863,18531.862582575544,401.64358252087015,122.71845338390752,288.7402132063077,590.4711039244929,19935.435935611124,2784.1651565475076
292.3000537109374,21892.98241247859,18589.312535378034,391.5469829715494,119.25984061901947,276.0252624882391,534.7794867601905,19910.924108217034,1982.0583042615544
292.4000537109375,22464.65787408034,18646.762488180655,381.8256060837958,115.94510607834425,264.125406855039,488.1475789931287,19896.806186190963,2567.851687889379
292.50005371093744,22411.352391435288,18704.21244098314,372.4611234745303,112.76639465092524,252.9729799717287,448.7616118534296,19891.174550933756,2520.177840501532
292.60005371093735,22796.60354659482,18761.662393785628,363.4363101807563,109.71637900784091,242.5071399038737,415.15425065040614,19892.476473528506,2904.1270730663127
292.7000537109375,22612.8622094596,18819.11234658825,354.734966046475,106.78821769612685,232.67306596921978,386.156250131496,19899.464846431565,2713.3973630280343
292.8000537109374,21187.91685771434,18876.56229939074,346.3418435547367,103.97551705639965,223.42126287635412,360.84773863833266,19911.148661516563,1276.768196197776
292.9000537109375,21039.593085841167,18934.01225219336,338.2425815088833,101.27229657128338,214.70695620523537,338.5123635831965,19926.746450061957,1112.8466357792095
293.00005371093744,21656.687295012103,18991.46220499585,330.42364402882663,98.67295729670283,206.48956588374128,318.5962740776979,19945.644646282817,1711.0426487292862
293.10005371093735,21041.68564017547,19048.912157798335,322.8722643814098,96.17225306691593,198.73224645140505,300.6728976508483,19967.361819348913,1074.3238208265575
293.2000537109375,22000.6341593064,19106.362110600952,315.57639321315247,93.76526419884328,191.40148466926064,284.4137087043051,19991.518961386515,2009.115197919884
293.3000537109374,21940.700962107152,19163.812063403442,308.52465079591946,91.44737345118314,184.46674649871076,269.56467257319224,20017.815506722447,1922.885455384705
293.4000537109375,21384.77781448627,19221.262016206063,301.7062829343362,89.21424402034418,177.9001666907612,255.9277447773147,20046.01045462882,1338.767359857451
293.50005371093744,20773.667373229684,19278.711969008553,295.1111202184363,87.06179937878268,171.67627524400584,243.3466643212475,20075.907828171024,697.7595450586596
293.60005371093735,21286.605820119075,19336.16192181104,288.7295403346253,84.98620478166261,165.77175583944322,231.69625592518747,20107.345678691956,1179.2601414271194
293.7000537109375,20527.693853842884,19393.611874613656,282.5524331761707,82.9838502862731,160.16523207482396,220.87450703893163,20140.187897189855,387.505956653029
293.8000537109374,21823.406969318934,19451.061827416146,276.5711685182847,81.05133514458369,154.83707792127117,210.7967776141281,20174.318186614415,1649.088782704519
293.9000537109375,21125.573576823415,19508.511780218767,270.77756604478503,79.18545344363169,149.76924933171625,201.39160896576243,20209.635658004663,915.9379188187522
294.00005371093744,20635.17445093843,19565.961733021257,265.1638675334408,77.38318088127893,144.94513435977984,192.59770596940206,20246.05162176516,389.12282917326957
294.10005371093735,21219.47601903586,19623.411685823743,259.72271102401356,75.64166257591448,140.34941951060634,184.36176448234966,20283.48724341663,935.9887756192329
294.2000537109375,20191.132778610703,19680.86163862636,254.4471068096308,73.9582018189601,135.96797035491142,176.636898567112,20321.871816176976,-130.7390375662726
294.3000537109374,20749.50038511886,19738.31159142885,249.33041510595766,72.33024968782983,131.78772470049503,169.3814886669898,20361.141469590122,388.35891552873727
294.4000537109375,20944.18838524268,19795.76154423147,244.36632526556045,70.75539544499058,127.79659684054093,162.55832332099013,20401.238185103553,542.9502001391265
294.50005371093744,20262.78839486327,19853.21149703396,239.54883641689972,69.23135765603405,123.98339159102238,156.13394539030318,20442.10902808822,-179.32063322495014
294.60005371093735,21114.34728590283,19910.661449836447,234.8722394172648,67.75597596584817,120.33772699434127,150.07814156189235,20483.705533775792,630.6417521270378
294.7000537109375,21525.47148809775,19968.111402639064,230.33110001910947,66.32720347789584,116.84996470903376,144.36353349857515,20525.98320434368,999.4882837540717
294.8000537109374,20981.1657633236,20025.561355441554,225.92024315744905,64.9430996866048,113.51114722757798,138.96524251694774,20568.901088030132,412.264675293467
294.9000537109375,20670.768408481847,20083.011308244175,221.63473827380702,63.60182391748429,110.31294117019074,133.86060880920147,20612.42142041486,58.34698806698725
295.00005371093744,21157.62691399139,20140.461261046665,217.46988559962236,62.30162923382896,107.24758599433352,129.02895230425557,20656.509314178704,501.1175998126855
295.10005371093735,21399.70112622171,20197.91121384915,213.42120332789946,61.040856772419914,104.30784753862054,124.45136626344619,20701.132487751536,698.568638470173
295.2000537109375,20837.129233171578,20255.361166651768,209.48441560826907,59.817930474156896,101.48697588920584,120.11053732476186,20746.261025948163,90.86820722341508
295.3000537109374,21313.542109135815,20312.811119454258,205.65544130558402,58.631352178469015,98.77866711648232,115.99058742497455,20791.867167479766,521.6749416560488
295.4000537109375,21630.29069875954,20370.26107225688,201.9303834670283,57.47969705308717,96.17702848228124,112.07693416456992,20837.925115423845,792.365583335697
295.50005371093744,21476.62422012967,20427.71102505937,198.3055194474218,56.361609333321475,93.67654676368525,108.35616694662583,20884.41086755042,592.2133525792487
295.60005371093735,21860.875324213448,20485.160977861855,194.77729164593833,55.2757983470679,91.27205937922017,104.815936751556,20931.302063985637,929.5732602278113
295.7000537109375,21659.7741315576,20542.610930664472,191.3422988115932,54.22103480393644,88.95872803858072,101.44485779174384,20978.577850110327,681.1962814472718
295.8000537109374,21442.746515067116,20600.060883466962,187.99728787789923,53.19614732862778,86.73201466760041,98.2324195744405,21026.21875291553,416.5277621515852
295.9000537109375,21388.083648160147,20657.510836269583,184.7391462901648,52.20001922035234,84.58765938724966,95.16890812166116,21074.20656928901,313.8770788711372
296.00005371093744,20777.99915558823,20714.960789072073,181.56489479196992,51.231585421673316,82.5216603494517,92.24533527215048,21122.52426490732,-344.5251093190891
296.10005371093735,20910.421114831526,20772.410741874563,178.47168063949937,50.28982968139751,80.53025525324263,89.45337513447276,21171.155882583174,-260.7347677516482
296.2000537109375,20572.349392066404,20829.860694677176,175.4567712151742,49.373781897510824,78.60990438364674,86.78530688138902,21220.086459054895,-647.7370669884913
296.3000537109374,20376.559013554757,20887.310647479666,172.51754801390985,48.48251562720883,76.75727503188376,84.23396317772804,21269.301949330395,-892.7429357756373
296.4000537109375,21305.69782831915,20944.760600282287,169.65150097731598,47.615145752110834,74.96922717009143,81.79268362152845,21318.789157803334,-13.091329484184826
296.50005371093744,20655.88913656636,21002.210553084777,166.85622315320094,46.770826287759895,73.24280026680103,79.45527265384128,21368.53567544638,-712.6465388800207
296.60005371093735,20573.867098852425,21059.660505887266,164.12940565904023,45.94874832725909,71.57520114064063,77.21596145753219,21418.529822471737,-844.6627236193126
296.7000537109375,21496.265050480288,21117.11045868988,161.46883292996606,45.14813810979246,69.9637927601738,75.06937342242341,21468.760595912237,27.504454568050278
296.8000537109374,20685.910166006564,21174.56041149237,158.8723782330119,44.36825520542597,68.40608390672126,73.01049280327206,21519.2176216408,-833.3074556342362
296.9000537109375,21188.242150227594,21232.01036429499,156.33799943065506,43.60839080824561,66.89971962513026,71.03463624017442,21569.891110399196,-381.6489601716021
297.00005371093744,21783.05259456388,21289.46031709748,153.8637349781023,42.8678661305538,65.44247239481699,69.13742684881235,21620.771817449768,162.28077711411242
297.10005371093735,21816.990464100076,21346.91026989997,151.4477001395409,42.14603089129878,64.03223395968477,67.31477062068613,21671.85100551118,145.13945858889565
297.2000537109375,21359.113554662657,21404.360222702588,149.08808340991897,41.44226189251497,62.66700776150852,65.56283490267478,21723.120410669206,-364.00685600654833
297.3000537109374,20945.447594340872,21461.810175505074,146.78314312954976,40.755961677954794,61.34490192644438,63.87802875052902,21774.57221098955,-829.124616648678
297.4000537109375,21510.69770790211,21519.260128307695,144.53120427971504,40.08655726852141,60.06412275899223,62.25698497329067,21826.198997588213,-315.5012896861044
297.50005371093744,22272.601393750367,21576.710081110185,142.33065544842475,39.433498969559054,58.82296870202841,60.69654370548491,21877.99374793568,394.6076458146854
297.60005371093735,22214.33307275388,21634.160033912674,140.17994595594604,38.79625924533119,57.61982472512526,59.193737361121734,21929.9498012002,284.38327155368097
297.7000537109375,20973.970542037732,21691.60998671529,138.0775831306854,38.17433165643447,56.45315710692726,57.74577683913273,21982.060835448472,-1008.0902934107398
297.8000537109374,20861.461825071445,21749.059939517778,136.0221297264624,37.56722985614698,55.321508580302954,56.35003886334451,22034.320846544033,-1172.8590214725882
297.9000537109375,21123.48990691129,21806.5098923204,134.01220147281015,36.974486641993714,54.223493811754516,55.00405435216191,22086.72412859912,-963.2342216878278
298.00005371093744,21863.95984512289,21863.95984512289,132.0464647506468,36.395653059119915,53.15779518914484,53.705497723946344,22139.265255845745,-275.3054107228563
