binding_energy_eV,raw_intensity,background,component:aromatic_C-C_C=C,component:C-N_C-Cl_methoxy_C,component:imide_N-C=O,component:acid_O-C=O,component:pi-pi_star,total_fit,residual
275.37971784452395,9158.291117739363,9158.291117739363,256.0749946664283,90.34294009829412,18.930010074428292,5.434891832101262,21.188554335063742,9550.26250874568,-391.9713910063165
275.47971784452386,8790.359254760213,9211.149276367603,261.57081813219196,92.09017437373008,19.23031082289011,5.514979887279226,21.462615445145214,9611.01817502884,-820.6589202686264
275.579717844524,9152.434096119194,9264.007434995963,267.2451631637822,93.88850981770564,19.537809716993547,5.596850335394168,21.742011487731094,9672.01777951757,-519.5836833983758
275.6797178445239,8537.507727463659,9316.865593624203,273.10583182399677,95.73995551627989,19.852738502129316,5.680556431831955,22.0268813850339,9733.271557283475,-1195.7638298198162
275.77971784452404,9022.139127875467,9369.723752252565,279.1610562855082,97.64662010565623,20.17533831917672,5.766153434778113,22.317368595745865,9794.79028899343,-772.651161117963
275.87971784452395,8306.349184072182,9422.581910880805,285.4195275444074,99.61071774039131,20.505860165004968,5.8536986962315645,22.613621293356072,9856.585336320195,-1550.2361522480132
275.97971784452386,9007.180432015411,9475.440069509044,291.89042639086813,101.63457448257914,20.84456537951601,5.943251757880569,22.91579255267995,9918.668680072567,-911.4882480571559
276.079717844524,8724.658245855546,9528.298228137404,298.58345684120496,103.7206351461122,21.191726160970834,6.034874452134708,23.2240405450174,9981.052961282845,-1256.3947154272992
276.1797178445239,9092.70285065784,9581.156386765644,305.50888225711327,105.87147063342171,21.547626111498456,6.128631008634112,23.538528742403997,10043.751525518715,-951.0486748608746
276.27971784452404,9410.106928590636,9634.014545394004,312.67756440141676,108.0897858055893,21.9125608148319,6.224588166579939,23.859426131448195,10106.77847071387,-696.6715421232348
276.37971784452395,8557.835991895907,9686.872704022244,320.1010057053211,110.37842793039319,22.286838448442545,6.322815293246787,24.186907437251694,10170.1486988369,-1612.312706940993
276.47971784452386,8799.500208035046,9739.730862650484,327.7913950523706,112.74039575736755,22.670780432457803,6.4233845090754516,24.52115335798045,10233.877971759735,-1434.3777637246894
276.579717844524,8579.377148645355,9792.589021278844,335.7616574162674,115.17884927338409,23.064722117885793,6.526370819760915,24.862350810647825,10297.98297171679,-1718.6058230714352
276.6797178445239,8562.116117832482,9845.447179907085,344.02550772706127,117.69712019764023,23.469013516898574,6.631852255788211,25.210693188731756,10362.481366793205,-1800.365248960723
276.77971784452404,9305.516063176352,9898.305338535445,352.5975093815755,120.29872328072526,23.884020078144346,6.739910019902195,25.566380632287192,10427.391881928079,-1121.875818751727
276.87971784452395,9323.89977699013,9951.163497163685,361.493137859687,122.98736847864056,24.31012351026302,6.850628643024336,25.92962031122767,10492.734375966527,-1168.8345989763966
276.97971784452386,8752.49056924312,10004.021655791925,370.7288499613451,125.7669740800848,24.747722657087603,6.964096149181381,26.300626722537114,10558.529925362162,-1806.0393561190413
277.079717844524,8698.582007098814,10056.879814420285,380.32215923702984,128.64168087291694,25.197234428243675,7.080404230039116,26.67962200217542,10624.80091519069,-1926.218908091876
277.1797178445239,8988.606895450921,10109.737973048525,390.29171825142157,131.6158674447291,25.659094789197614,7.199648429688102,27.06683625251904,10691.57113821608,-1702.9642427651597
277.27971784452404,9562.997021313262,10162.596131676884,400.6574083951659,134.69416672231054,26.13375981514068,7.321928340377662,27.462507886232135,10758.86590283611,-1195.8688815228488
277.37971784452395,9260.07838241884,10215.454290305124,411.4404380437597,137.88148386552075,26.621706813424673,7.447347809938164,27.86688398749038,10826.712150825259,-1566.6337684064183
277.47971784452386,8923.461988153545,10268.312448933364,422.66344996009263,141.18301564372726,27.12343551972189,7.576015161704184,28.280220691588625,10895.1385859102,-1971.6765977566538
277.579717844524,8564.901882539742,10321.170607561726,434.35063894519965,144.60427143631173,27.639469373461782,7.7080434277989704,28.702783583980864,10964.175814328479,-2399.273931788737
277.6797178445239,9106.634835583982,10374.028766189966,446.5278808668067,148.151096014357,28.170356878611965,7.8435505967183,29.13484811990186,11033.856498666362,-1927.2216630823805
277.77971784452404,9002.414003549842,10426.886924818325,459.22287433681004,151.82969427789422,28.71667305639909,7.9826598762266485,29.576700065796803,11104.215526431452,-2101.8015228816093
277.87971784452395,8821.353847624243,10479.745083446565,472.46529646923204,155.64665814217383,29.279020997098872,8.125499972648646,30.028635963832226,11175.29019499155,-2353.9363473673075
277.97971784452386,8653.689766899524,10532.603242074805,486.2869743360977,159.60899578864866,29.858033518723165,8.27220538774378,30.49096362090188,11247.12041472692,-2593.4306478273957
278.079717844524,8640.971573081162,10585.461400703165,500.72207394818247,163.72416352044357,30.454374941061182,8.422916734431379,30.964002623581163,11319.748932470864,-2678.777359389702
278.1797178445239,8621.096725428291,10638.319559331405,515.8073088305106,168.00010049002915,31.06874298433831,8.57778107274853,31.448084880618033,11393.22157758965,-2772.124852161358
278.27971784452404,8856.958284675206,10691.177717959765,531.5821705405466,172.44526659808625,31.70187080260178,8.736952267538744,31.943555194658817,11467.587533363198,-2610.629248687992
278.37971784452395,8519.308995910704,10744.035876588006,548.0891837956792,177.0686838975395,32.35452916282121,8.900591369482026,32.45077186498493,11542.899636678514,-3023.5906407678103
278.47971784452386,8053.030180838691,10796.894035216246,565.3741892473068,181.87998187729067,33.0275287817926,9.068867021233267,32.97010732322245,11619.214709467093,-3566.1845286284015
278.579717844524,8249.25381390514,10849.752193844606,583.486657363032,186.88944704504195,33.72172283398804,9.241955890566238,33.50194880406086,11696.593925781295,-3447.340111876156
278.6797178445239,8340.110203208458,10902.610352472846,602.4800373729304,192.10807728051202,34.438009644791,9.420043132597073,34.046699053201294,11775.103218956878,-3434.9930157484196
278.77971784452404,8523.739983702415,10955.468511101206,622.4121458082142,197.54764148907245,35.177335584943826,9.60332288334196,34.604777074914075,11854.813733941692,-3331.0737502392767
278.87971784452395,8798.250501251101,11008.326669729446,643.3455998242798,203.22074515230688,35.94069818350731,9.791998787047264,35.17661892171119,11935.802330598299,-3137.551829347198
278.97971784452386,8317.688877149069,11061.184828357686,665.3483012774776,209.14090244901612,36.72914947841932,9.98628455996958,35.76267852889055,12018.152144651458,-3700.4632675023895
279.079717844524,8666.538685656931,11114.042986986045,688.4939784274507,215.32261570687314,37.54379962553298,10.186404593499551,36.36342859683833,12101.95321393624,-3435.414528279309
279.1797178445239,9053.244659640746,11166.901145614287,712.8627931974356,221.7814630454017,38.38582078916429,10.392594599800088,36.97936152423257,12187.303178770322,-3134.058519129576
279.27971784452404,8274.239013793407,11219.759304242647,738.5420231675126,228.534195185829,39.25645133951192,10.605102303419839,37.610990395524894,12274.308066634445,-4000.069052841038
279.37971784452395,8941.999861738383,11272.617462870887,765.6268289348561,235.59884253488207,40.15700038483591,10.824188182645356,38.2588500262787,12363.083172934384,-3421.083311196002
279.47971784452386,8729.409262429283,11325.475621499127,794.221119200502,242.99483380249762,41.08885266927698,11.050126264732931,38.923498070289284,12453.754051506425,-3724.344789077142
279.579717844524,8781.549553158191,11378.333780127487,824.438527974879,250.74312758815122,42.053473870317156,11.283204979523992,39.605516192628265,12546.457630732986,-3764.9080775747952
279.6797178445239,8630.666244593545,11431.191938755726,856.4035207088564,258.8663585740333,43.05241633355236,11.523728076394015,40.30551131312119,12641.343473761684,-4010.677229168139
279.77971784452404,8085.715137724927,11484.050097384086,890.2526490241991,267.38900019861956,44.08732528648545,11.772015609961864,41.024116925115585,12738.575204428467,-4652.86006670354
279.87971784452395,8742.226959546524,11536.908256012326,926.1359771309661,276.3375459567225,45.1599455774846,12.02840500049426,41.76199449471564,12838.33212417271,-4096.105164626186
279.97971784452386,8670.850193162287,11589.766414640566,964.2187071058889,285.74071179104004,46.27212899124229,12.293252175554535,42.51983494615333,12940.811049650445,-4269.960856488158
280.079717844524,8787.46203085143,11642.624573268928,1004.6830350949411,295.62966240997355,47.42584219763441,12.566932800063588,43.29836023932093,13046.228406010861,-4258.766375159432
280.1797178445239,8324.967482364229,11695.482731897167,1047.7302763885589,306.03826480053783,48.62317539735636,12.84984360268113,44.09832504602512,13154.822617132326,-4829.855134768097
280.27971784452404,8534.239319068041,11748.340890525527,1093.5833044129477,317.00337271305546,49.86635173492639,13.142403807219468,44.92051853205037,13266.856841725727,-4732.617522657685
280.37971784452395,9005.338201093444,11801.199049153767,1142.4893572612366,328.5651464898512,51.15773755767725,13.445056678673392,45.76576625262474,13382.62211339383,-4377.283912300387
280.47971784452386,8497.95302260894,11854.057207782007,1194.7232758144091,340.76741331352326,52.4998536086847,13.758271194482026,46.634932169601434,13502.440953882708,-5004.4879312737685
280.579717844524,8816.369624626614,11906.915366410367,1250.5912501933751,353.6580737776603,53.89538725181135,14.082543852716219,47.52892079924604,13626.671542285176,-4810.301917658562
280.6797178445239,8923.999699765935,11959.773525038607,1310.4351668201593,367.28956166414787,55.34720583889754,14.418400630151911,48.448679500320424,13755.712539492284,-4831.71283972635
280.77971784452404,8396.104347334458,12012.631683666967,1374.6376674654437,381.71936497454095,56.85837134248033,14.76639910458488,49.39520091296469,13890.008687466981,-5493.904340132523
280.87971784452395,8632.96477032876,12065.489842295206,1443.6280553015138,397.01061764568703,58.43215639246376,15.127130757276623,50.36952555968575,14030.057327951834,-5397.092557623075
280.97971784452386,8830.022052103628,12118.348000923448,1517.8892125865884,413.2327730322803,60.07206187259628,15.501223473214957,51.37274462083806,14176.416016508967,-5346.393964405339
281.079717844524,8897.625997855714,12171.206159551806,1597.9657323408267,430.4623722123032,61.78183625209582,15.889344258799365,52.4060028979203,14329.711447513751,-5432.085449658038
281.1797178445239,9161.896347821856,12224.064318180048,1684.4735160364678,448.7839225422438,63.56549685033725,16.29220219880266,53.470501979237405,14490.649957787136,-5328.753609965281
281.27971784452404,8746.326622866814,12276.922476808408,1778.1111580088843,468.2909047416038,65.42735325822038,16.710551676958826,54.56750362374717,14660.029948117823,-5913.703325251008
281.37971784452395,9185.645375079761,12329.780635436648,1879.6735391820969,489.0869302292912,67.3720331691386,17.145195887310937,55.69833338021188,14838.756667284697,-5653.111292204936
281.47971784452386,9022.526870722038,12382.638794064887,1990.0682167055204,511.2870746112263,69.40451090649357,17.59699066668541,56.8643844604313,15027.859971415244,-6005.333100693206
281.579717844524,9232.65068111499,12435.496952693247,2110.335480519919,535.0194182966094,71.53013897336155,18.066848682209393,58.067121886873196,15228.51596105222,-5995.86527993723
281.6797178445239,9595.423517716887,12488.355111321487,2241.6734672463863,560.4268314389474,73.75468299487095,18.555744011901517,59.30808693694522,15442.073923950538,-5846.650406233652
281.77971784452404,9549.400408826266,12541.213269949847,2385.470691412053,587.6690480685718,76.08436047561811,19.06471716100238,60.58890190819052,15670.090988975284,-6120.6905801490175
281.87971784452395,9434.106513676172,12594.071428578089,2543.3501574718734,616.9250838693462,78.52588385415413,19.594880561939952,61.911275230836246,15914.378709566237,-6480.272195890066
281.97971784452386,9356.70318845764,12646.929587206327,2717.2324933602267,648.3960643062682,81.08650840629362,20.14742461188483,63.27700695676726,16177.069084847768,-6820.365896390127
282.079717844524,10012.819231563437,12699.787745834688,2909.431282088949,682.3085460314802,83.77408562941388,20.72362430863213,64.68799465660673,16460.71327854977,-6447.894046986334
282.1797178445239,10205.741134303444,12752.645904462928,3122.803325305684,718.9184371697011,86.59712283407352,21.324846553405056,66.14623975977183,16768.435876085565,-6562.694741782121
282.27971784452404,10466.089412010677,12805.504063091288,3360.991563705403,758.5156560634721,89.56484977901606,21.95255819813051,67.65385437584551,17104.182545213156,-6638.093133202479
282.37971784452395,10541.303973263446,12858.362221719528,3628.8202045705493,801.4297229709368,92.68729331377368,22.608334924954423,69.21306863940625,17473.12084613915,-6931.816872875705
282.47971784452386,11038.279359635879,12911.220380347768,3932.9304643613377,848.03657386997,95.97536114401198,23.293871057633073,70.82623862510542,17882.282889405826,-6844.003529769947
282.579717844524,11274.964396372605,12964.07853897613,4282.778551322868,898.7670555425424,99.44093601145481,24.01099041793699,72.49585488474517,18341.571927155677,-7066.607530783072
282.6797178445239,11159.769001408125,13016.936697604368,4692.147290826384,954.1178712304442,103.09698178917185,24.76165835590949,74.22455166423129,18865.28505147051,-7705.516050062384
282.77971784452404,12786.791728937696,13069.79485623273,5181.333926766871,1014.6663079946811,106.95766323975262,25.547995100922638,76.01511686540152,19474.31586620036,-6687.524137262662
282.87971784452395,13672.137959836027,13122.653014860969,5780.14543515375,1081.09107138387,111.03848147600215,26.372290601369812,77.87050282615847,20199.170796302118,-6527.032836466091
282.97971784452386,14754.799692235343,13175.511173489209,6531.729091619511,1154.2032516965294,115.35642751178968,27.23702104524744,79.79383800304817,21083.830803365334,-6329.031111129991
283.079717844524,15732.78888372372,13228.369332117569,7497.060952094137,1234.9942178580295,119.93015670449357,28.144867282070198,81.78843965329567,22190.287965709595,-6457.499081985874
283.1797178445239,18115.971792471046,13281.227490745809,8759.594092987692,1324.711512228024,124.7801873860679,29.098735399595824,83.85782763003758,23603.269846377225,-5487.298053906179
283.27971784452404,20367.708964281195,13334.08564937417,10429.151508116007,1424.9799855810238,129.9291275738024,30.101779747367942,86.00573942586003,25434.253789818235,-5066.544825537039
283.37971784452395,22783.74808542226,13386.943808002408,12643.707391595544,1537.9935612244228,135.40193436610946,31.157428744128236,88.23614662742241,27823.440270560037,-5039.692185137777
283.47971784452386,26922.2067283551,13439.80196663065,15567.367021841823,1666.8125591915639,141.22621149192068,32.26941385924005,90.55327298085405,30938.030445996053,-4015.823717640953
283.579717844524,33066.737494020344,13492.660125259008,19382.80506816255,1815.810621050856,147.43255152649934,33.44180222049321,92.96161431593603,34965.11178253534,-1898.3742885149986
283.6797178445239,39948.76124113665,13545.51828388725,24276.822732324683,1991.3203128626774,154.0549305568194,34.67903337431084,95.46596064192246,40097.861253647665,-149.10001251101494
283.77971784452404,48378.19386382495,13598.376442515608,30418.608914175624,2202.5216306913853,161.13116462895354,35.985960811446425,98.07142081409887,46514.69553363712,1863.498330187831
283.87971784452395,57145.8019597621,13651.23460114385,37931.61193779374,2462.595170179868,168.70343920639758,37.36789897445562,100.78345028483525,54352.29649758315,2793.505462178953
283.97971784452386,66360.76423884754,13704.09275977209,46861.23438797228,2790.113436876161,176.81892520101025,38.83067658629241,103.60788260575728,63674.6980690136,2686.066169833939
284.079717844524,78719.1989831767,13756.95091840045,57141.17550370223,3210.5638838639047,185.53049801551032,40.380697285906194,106.55096554902269,74441.15246681703,4278.046516359667
284.1797178445239,91928.84568217026,13809.80907702869,68560.48222313989,3757.786771470404,194.89757960398217,42.02500873239814,109.61940298087039,86474.62006295624,5454.225619214019
284.27971784452404,103349.54032656844,13862.667235657049,80731.33065654601,4474.982533705617,204.98712799678833,43.771381550151375,112.8204039661959,99430.5593394218,3918.9809871466423
284.37971784452395,115632.56636075699,13915.52539428529,93056.7512553941,5414.824841602518,215.87480428650207,45.62839974121654,116.16174102943425,112764.76643633905,2867.7999244179373
284.47971784452386,126529.2590740189,13968.383552913529,104704.75750560296,6638.149170684543,227.6463540449877,47.60556449845312,119.6518200694467,125706.19396781392,823.0651062049874
284.579717844524,133312.2397034351,14021.24171154189,114619.32468463201,8210.720978067322,240.39924894088972,49.71341372510164,123.29976515028498,137264.69980205747,-3952.460098622367
284.6797178445239,142184.93696261762,14074.099870170128,121632.11304424473,10197.76068330607,254.24464549341823,51.963660019874446,127.11552229694152,146337.29742553117,-4152.360462913552
284.77971784452404,149137.6591384725,14126.95802879849,124728.90436543053,12656.217828066678,269.30973215209343,54.36935044048208,131.10998754598288,151966.86929243425,-2829.210153961758
284.87971784452395,150895.05977533452,14179.816187426732,123404.00318163546,15625.186596980413,285.7405542333357,56.94505203754482,135.2951658660897,153686.98673817958,-2791.9269628450566
284.97971784452386,150283.7794420976,14232.67434605497,117878.39284684422,19115.205483889367,303.70543015469974,59.70706798743788,139.6843692017366,151729.36954413244,-1445.5901020348247
285.079717844524,149914.5612136178,14285.532504683331,109001.08523515999,23097.291156496074,323.39910430708824,62.673690186321316,144.29246382326602,146914.27415465607,3000.2870589617232
285.1797178445239,143819.2683361684,14338.39066331157,97918.50932447094,27492.25323947039,345.04782639346445,65.86549545157891,149.13617939831417,140309.20272849625,3510.06560767215
285.27971784452404,137133.6677483445,14391.248821939931,85753.9529845667,32160.210735244902,368.9156140112521,69.30569407789373,154.23449472122854,132897.8683445619,4235.799403782614
285.37971784452395,129258.72116723668,14444.10698056817,73435.57079531952,36890.06648376659,395.31206749502184,73.02054150051156,159.60911781133697,125397.68598646115,3861.035180775536
285.47971784452386,118921.55162431991,14496.96513919641,61653.56330790187,41390.94461558845,424.60231704339867,77.03982634295555,165.28508104627227,118208.40028711937,713.1513372005429
285.579717844524,110644.44533566339,14549.82329782477,50876.75196012133,45294.655533709054,457.2201134606335,81.39745131898417,171.2914750126584,111431.13983144744,-786.694495784046
285.6797178445239,102709.94732848638,14602.68145645301,41383.94787133915,48188.3238449598,493.68598631312346,86.1321275188829,177.66234766205912,104932.43363424602,-2222.4863057596376
285.77971784452404,93910.72839247761,14655.539615081372,33296.2227681057,49695.48289379651,534.6343049224258,91.28820780411917,184.4377979157966,98457.60558762592,-4546.877195148307
285.87971784452395,90945.82719519395,14708.39777370961,26609.44029508189,49592.09171749915,580.8569205329328,96.91669173047286,191.66529475768849,91779.36869331174,-833.5414981177892
285.97971784452386,83767.72988858163,14761.255932337852,21227.77719528561,47894.18367320156,633.3783165418088,103.07644315961103,199.40125370451625,84819.07281423097,-1051.34292564934
286.079717844524,78171.30220583225,14814.11409096621,16996.910705022052,44851.14369563551,693.5897730837298,109.83567337818496,207.71290188581946,77673.30683997151,497.995365860741
286.1797178445239,72674.82198133518,14866.972249594452,13734.166503132943,40850.094323646736,763.4896652290734,117.27375876776296,216.6804602718479,70548.6769606428,2126.1450206923764
286.27971784452404,65595.60540064287,14919.83040822281,11253.039123529186,36301.679005857084,846.1033966559639,125.48348638268187,226.39966628110494,63672.53508692882,1923.0703137140517
286.37971784452395,58504.613766331495,14972.688566851051,9380.613090869138,31565.31861806793,946.1842471864588,134.57386139896508,236.9846514760997,57236.363035849645,1268.25073048185
286.47971784452386,53257.51430665035,15025.546725479291,7967.795058064313,26921.629226265315,1071.3110040802076,144.67368673918202,248.5711767380985,51379.52687736641,1877.987429283945
286.579717844524,45978.22487422965,15078.404884107651,6893.383049577397,22572.203561568913,1233.4729223077102,155.93628206532262,261.3202106836167,46194.720910310614,-216.49603608096368
286.6797178445239,41834.53404983546,15131.26304273589,6063.612249568356,18648.718909629966,1451.130819612009,168.5460443101445,275.4218157763383,41738.692881632705,95.84116820275813
286.77971784452404,37926.89828767394,15184.12120136425,5408.932135231897,15223.482772329317,1751.5316704560823,182.72826123246566,291.09928043272726,38041.895321046744,-114.99703337280516
286.87971784452395,35523.742300787824,15236.97935999249,4879.528795553385,12319.919032453316,2172.7291391633044,198.76503035030032,308.61340454785375,35116.53476206065,407.20753872717614
286.97971784452386,31833.260792328034,15289.837518620732,4440.689708519869,9923.297760855603,2764.3837418605676,217.0228781836836,328.26681079174904,32963.498418832205,-1130.2376265041712
287.079717844524,30183.643363872463,15342.695677249092,4068.6693956877525,7991.708599035533,3586.1292817916365,238.00246741798026,350.4081157000603,31577.613536882054,-1393.9701730095912
287.1797178445239,30588.74257875206,15395.553835877332,3747.349602580337,6466.668890578314,4702.308432616324,262.4282801069267,375.4357544851865,30949.74479624442,-361.0022174923615
287.27971784452404,30976.15249742544,15448.411994505692,3465.7358910270295,5282.5097298612945,6172.386797370573,291.4062377390843,403.80121363902475,31064.251864142694,-88.09936671725518
287.37971784452395,31377.257918740204,15501.270153133933,3216.190817815341,4373.832122962682,8037.3518425109605,326.6876663619639,436.01138833784285,31891.34399112272,-514.0860723825172
287.47971784452386,32958.35370908619,15554.128311762172,2993.247113524091,3680.692100768756,10303.529660717242,371.08294376296533,472.62975043224634,33375.30988096747,-416.9561718812838
287.579717844524,35980.71921837499,15606.986470390533,2792.8415463460615,3151.5685465980264,12925.75148063878,429.05687638146355,514.2759907875143,35420.48091114238,560.2383072326047
287.6797178445239,39097.76372756457,15659.844629018771,2611.8346810279845,2744.4665107250653,15790.957340589785,507.496008027445,561.623790498702,37876.22295988776,1221.5407676768082
287.77971784452404,40923.33152272148,15712.702787647133,2447.7148778370465,2426.6632775796716,18702.000157329592,616.5532671096613,615.3963824962403,40521.03074999935,402.30077272212657
287.87971784452395,43843.56039854004,15765.560946275371,2298.4160591068544,2173.6235822060444,21364.94978780081,770.3480923734264,676.3595913142474,43049.25805907676,794.3023394632764
287.97971784452386,45208.35877355901,15818.419104903613,2162.2035420246493,1967.5347815017697,23400.692229997305,987.1572825047451,745.3120865506974,45081.31902748278,127.0397460762324
288.079717844524,45826.628771313255,15871.277263531972,2037.5998694593497,1795.790981773614,24424.337166342484,1288.6341283337642,823.0726557581784,46240.71206519936,-414.0832938861058
288.1797178445239,45838.42415374158,15924.135422160212,1923.334134528439,1649.6277645101568,24203.75213954629,1697.6246148709752,910.4643944671835,46308.93847008326,-470.51431634167966
288.27971784452404,44295.04422219017,15976.993580788572,1818.3053966485847,1523.0020931989227,22791.377016858954,2234.3755189013837,1008.2958219084335,45352.34942830485,-1057.305206114681
288.37971784452395,43511.515177563284,16029.851739416812,1721.554920931806,1411.7361969066924,20492.17132590306,2911.3304842085154,1117.3390554403609,43683.98372280724,-172.46854524395894
288.47971784452386,41729.62128280543,16082.709898045052,1632.24427920557,1312.8995900456414,17703.81928327461,3727.115909476088,1238.3053066941516,41697.094266741115,32.52701606431219
288.579717844524,39758.25429886115,16135.568056673412,1549.6376002283153,1224.383599511162,14780.450877098963,4660.416030807073,1371.8180871922254,39722.27425151115,35.98004734999995
288.6797178445239,38489.27888365012,16188.426215301653,1473.0869249915697,1144.6195524099433,11981.77226210555,5664.011940600874,1518.3846174201503,37970.30151282974,518.9773708203793
288.77971784452404,38117.20565423532,16241.284373930013,1402.0199844745473,1072.3975999070683,9473.97629753087,6658.942030496182,1678.366005875379,36526.98629221406,1590.2193620212565
288.87971784452395,36334.57999136687,16294.142532558253,1335.9299206327667,1006.7524740778038,7344.748538788676,7531.134035339177,1851.9467877456077,35364.65428914229,969.9257022245802
288.97971784452386,34799.741539188966,16347.000691186493,1274.366593765344,946.8919106668565,5619.521831888664,8140.94022234829,2039.1043724264528,34367.8256222821,431.9159169068662
289.079717844524,33210.944620042734,16399.858849814853,1216.9291992598223,892.1513847470799,4278.042127863731,8361.697602701806,2239.578835633659,33388.25800002096,-177.31337997822266
289.1797178445239,31834.373882315143,16452.717008443095,1163.2599729405767,841.964720618104,3271.1737449273214,8140.475639032676,2452.84330588839,32322.43439185016,-488.06050953501835
289.27971784452404,30726.573925311626,16505.575167071453,1113.0388062343006,795.8442016925572,2536.4042051209112,7530.312035290759,2678.0749539515573,31159.249369361536,-432.67544404990986
289.37971784452395,29792.660612884665,16558.433325699694,1065.9786249442734,753.3664199455868,2010.162596635906,6657.915649232213,2914.126341185557,29959.98295764323,-167.32234475856603
289.47971784452386,28616.082621018966,16611.291484327932,1021.8214112773231,714.161696359579,1635.8831006068165,5662.921243139837,3159.496700968005,28805.575636679492,-189.493015660526
289.579717844524,27552.784941233494,16664.149642956294,980.3347695804434,677.9058310481219,1367.895096792096,4659.364655583292,3412.3027482376147,27761.95274419786,-209.16780296436627
289.6797178445239,26247.600466019776,16717.007801584532,941.30895311955,644.313463677678,1172.067695816327,3726.1706053060016,3670.2490250485207,26871.11754455261,-623.5170785328337
289.77971784452404,26095.218732453974,16769.865960212894,904.5542830051078,613.1326123605149,1024.4595370945183,2910.5269851445037,3930.598831044946,26153.138208862485,-57.9194764085114
289.87971784452395,24855.962846089413,16822.724118841135,869.8989016575123,584.1401169455615,909.1105528540501,2233.724920595272,4190.148697916027,25609.747308809558,-753.7844627201448
289.97971784452386,24210.07634606689,16875.582277469373,837.1868124826087,557.1378007806583,815.7718398937787,1697.1198554411967,4445.212291012343,25228.010877079956,-1017.9345310130666
290.079717844524,25141.13418606065,16928.440436097735,806.2761650942135,531.9492165231446,737.997725263076,1288.2566137395793,4691.623430926165,24984.543587643915,156.5905984167366
290.1797178445239,24359.76119782027,16981.298594725973,777.0377517620823,508.41687373314716,671.7357023737235,986.8830452218986,4924.771978545798,24850.143946362623,-490.3827485423535
290.27971784452404,24868.1784615286,17034.156753354335,749.3536860349536,486.3998676449996,614.3791236331541,770.1526984085227,5139.689230970209,24794.131360046173,74.04710148242884
290.37971784452395,25024.67211251694,17087.014911982573,723.1162388827747,465.77184413546576,564.1766440286345,616.415019288537,5331.199082158549,24787.693740476534,236.9783720404048
290.47971784452386,23263.064312317605,17139.873070610814,698.2268113695161,446.4192477645373,519.8847071441237,507.39747297758254,5494.145067602669,24805.94637746924,-1542.8820651516362
290.579717844524,24785.31076579975,17192.731229239173,674.5950259487307,428.2398090813511,480.5709119488986,428.98511471806063,5623.689965759374,24828.812056695588,-43.50129089583788
290.6797178445239,25071.407397751544,17245.589387867414,652.137921058284,411.1412348521506,445.504488004158,371.0289541593978,5715.664843010647,24841.06682895205,230.34056879949276
290.77971784452404,25547.207999112,17298.447546495776,630.7792358712115,395.04007092666916,414.0944097429748,326.64550298013,5766.9231038359285,24831.92986985269,715.2781292593099
290.87971784452395,24867.392282133384,17351.305705124014,610.4487739041087,379.86071241594124,385.85273302914817,291.37211744798714,5775.640374621874,24794.480416543072,72.91186559031121
290.97971784452386,24588.887234775677,17404.163863752256,591.081835743051,365.5345399263938,360.3712404004157,262.39984300973026,5741.501211539173,24725.052534371018,-136.1652995953409
291.079717844524,25172.8914817702,17457.022022380617,572.6187124762805,351.99916396045165,337.3053477224888,237.97823835827458,5665.732336745104,24622.655821643217,550.2356601269821
291.1797178445239,24286.7332091449,17509.880181008855,555.0042325506793,339.19776237885003,316.36226036815276,217.001910450778,5550.974965223981,24488.421311981296,-201.68810283639687
291.27971784452404,24067.248821523986,17562.738339637217,538.1873557334885,327.07849813582965,297.29185123392426,198.74668697118636,5401.024362621941,24325.067094333586,-257.8182728095999
291.37971784452395,24866.008470901674,17615.596498265455,522.1208086871577,315.5940064300945,279.8794360043173,182.71208818054328,5220.490235564374,24136.39307313194,729.6153977697322
291.47971784452386,24109.63961540051,17668.454656893693,506.7607573705134,304.7009420271583,263.9399555226033,168.53169968943436,5014.439219233134,23926.827230736537,182.8123846639719
291.579717844524,24267.93707075165,17721.312815522055,492.06651208972835,294.35957886403475,249.3132426849351,155.9234970167301,4788.0711865126195,23701.046832690103,566.8902380615473
291.6797178445239,24284.47786999486,17774.170974150293,478.00026154491036,284.5334551845383,235.86014385157594,144.66224340553376,4546.4613625824,23463.688440719252,820.7894292756064
291.77971784452404,22897.23613200644,17827.029132778654,464.5268326703221,275.1890584133841,223.45932224405274,134.5635798040979,4294.379012767471,23219.146938677983,-321.91080667154165
291.87971784452395,22945.314124124256,17879.887291406892,451.6134734583181,266.2955447894644,212.00461017180382,125.47421598578697,4036.177136409357,22971.45227222162,-26.138148097365047
291.97971784452386,23509.075179831976,17932.745450035134,439.2296562941329,257.8244894651672,201.40280568958366,117.26537257690251,3775.7385838945447,22724.206357955467,784.8688218765092
292.079717844524,22769.50392651757,17985.603608663492,427.34689962458555,249.74966336418086,191.57183105567694,109.82806358043678,3516.4615709678087,22480.56163725618,288.9422892613875
292.1797178445239,22814.204579702695,18038.461767291734,415.93860603855103,242.04683358716093,182.43918714767824,103.06951773868296,3261.269424223734,22243.225336027543,570.9792436751522
292.27971784452404,22197.475852691587,18091.319925920096,404.9799150601813,234.6935845796582,173.9406510793961,96.91037178187379,3012.633190993843,22014.477639415047,182.9982132765399
292.37971784452395,22300.954668103957,18144.178084548337,394.4475691514757,227.66915764094907,166.01917453794982,91.2824253726425,2772.599769936876,21796.19618118823,504.758486915729
292.47971784452386,22124.056391984832,18197.036243176575,384.31979158967414,220.95430666332345,158.62394847220668,86.12682384001982,2542.8215406423415,21589.882654384142,534.1737376006895
292.579717844524,22146.396155727307,18249.894401804937,374.57617503557293,214.53116826042,151.7096062038639,81.39257537916123,2324.585785158765,21396.68971184272,749.7064438845882
292.6797178445239,21413.007550251958,18302.752560433175,365.19757973888704,208.38314467349795,145.23554216645383,77.03533369427693,2118.843561284815,21217.447721991106,195.55982826085165
292.77971784452404,20905.26140483976,18355.610719061537,356.1660404419524,202.49479804391112,139.16532759097944,73.01639327989841,1926.2383248598226,21052.6916032781,-147.4301984383419
292.87971784452395,21271.49222777002,18408.468877689775,347.46468114512635,196.8517548129288,133.46620776705032,69.30185619184378,1747.1347522847927,20902.688129891518,368.80409787850294
292.97971784452386,22185.381952421583,18461.327036318016,339.0776369854114,191.44061915867658,128.10866818193185,65.86193789537997,1581.6480957937351,20767.46399433315,1417.9179580884338
293.079717844524,21247.7307138223,18514.185194946374,330.98998255989983,186.24889451046198,123.0660590106332,62.670386473218045,1429.6741676419288,20646.834685142516,600.8960286797846
293.1797178445239,20809.811013804356,18567.043353574616,323.1876660946621,181.26491229310994,118.31426919726081,59.70399466812003,1290.9197963774432,20540.433992205213,269.3770215991426
293.27971784452404,21784.46670604428,18619.901512202974,315.65744892157,176.47776715233007,113.83144281338414,56.94218829393663,1164.933386634512,20447.743746018707,1336.7229600255741
293.37971784452395,20614.378264170726,18672.759670831216,308.3868497809716,171.87725799839853,109.59773156594376,54.36667774124301,1051.1350702121058,20368.12325812988,246.25500604084664
293.47971784452386,20813.259527512295,18725.617829459457,301.3640935158452,167.45383427991428,105.5950783039318,51.96116182705019,948.8458668299811,20300.83786421618,512.4216632961143
293.579717844524,19534.04745528127,18778.475988087815,294.5780637673281,163.1985469658062,101.80702718151127,49.71107524352748,857.3152718423253,20245.085973088313,-711.0385178070428
293.6797178445239,20848.46447647,18831.334146716057,288.0182593194559,159.103003771109,98.21855680488952,47.60337246101793,775.7467425484504,20200.02408162098,648.440394849018
293.77971784452404,20663.9613642964,18884.192305344415,281.6747537753765,155.15932821280887,94.81593324783636,45.62634222415873,703.3206491931436,20164.789311997738,499.1720522986616
293.87971784452395,20611.633917436164,18937.050463972657,275.5381582785226,151.3601221270641,91.58658028641142,43.76944781383,639.2143757179508,20138.519148196436,473.11476923972805
293.97971784452386,20808.174809505424,18989.908622600895,269.59958701884506,147.69843131798453,88.51896459268157,42.02318908352009,582.6193846355031,20120.368179249428,687.8066302559964
294.079717844524,20565.198889194737,19042.766781229257,263.85062528959025,144.16771404345428,85.60249395488674,40.37898295802062,532.755188232479,20109.521785707686,455.6771034870508
294.1797178445239,20540.172234582144,19095.624939857495,258.2832998815912,140.76181207391883,82.82742686681658,38.82905963588148,488.8802854644886,20105.20682378019,434.9654108019531
294.27971784452404,19995.487178900723,19148.483098485856,252.89005162182667,137.47492408733243,80.18479206193247,37.36637219026509,450.30022401066145,20106.699462457873,-111.21228355714993
294.37971784452395,20559.504783467914,19201.341257114098,247.6637098811762,134.30158118789416,77.66631676507832,35.98451763526377,416.3730261924582,20113.330408775968,446.17437469194556
294.47971784452386,20160.310550322047,19254.19941574234,242.59746889154718,131.23662435723708,75.26436260160934,34.677667831500315,386.5122742875933,20124.48781371183,35.82273661021827
294.579717844524,20429.56999264223,19307.057574370698,237.68486572760108,128.27518366624443,72.97186824654814,33.440508858971825,360.1881855459269,20139.61818641599,289.95180622623957
294.6797178445239,20503.622934499224,19359.91573299894,232.9197598207941,125.4126590923921,70.78229801769398,32.26818769577211,336.92702168850315,20158.225659314096,345.3972751851288
294.77971784452404,20227.347581317055,19412.773891627297,228.29631388514701,122.64470280269204,68.68959572058867,31.15626521689308,316.3091746123988,20179.86994386502,47.477637452037015
294.87971784452395,19538.83323648494,19465.63205025554,223.8089761450722,119.96720277606579,66.68814314254007,30.100674674051387,297.96625276207965,20204.16329975535,-665.3300632704086
294.97971784452386,19917.334275090547,19518.490208883777,219.45246376451112,117.37626765071381,64.77272266921162,29.097684940227705,281.5774647098764,20230.766812618316,-313.43253752776945
295.079717844524,20636.884296860913,19571.34836751214,215.22174738584843,114.86821269322584,62.93848356350883,28.14386790602706,266.8655614075345,20259.386240468284,377.4980563926292
295.1797178445239,20860.467532160463,19624.206526140377,211.1120366944908,112.43954679564804,61.180911503234704,27.236069501917257,253.59255951124265,20289.76765014691,570.6998820135523
295.27971784452404,19813.787873227993,19677.06468476874,207.1187669321012,110.0869604154388,59.49580102322216,26.371383893973814,241.5554279087708,20321.693024942244,-507.9051517142507
295.37971784452395,20787.338415028797,19729.922843396977,203.23758628822156,107.80731438125063,57.87923055044302,25.547130463168987,230.58188032607933,20354.97598540614,432.3624296226553
295.47971784452386,20612.54020575755,19782.781002025215,199.46434410533428,105.59762949419661,56.3275397574054,24.760833231090313,220.52638035044183,20389.457728963684,223.08247679386477
295.579717844524,19952.69552284969,19835.639160653576,195.79507983822452,103.45507686088473,54.83730899158703,24.010202440198768,211.26643254628056,20425.003261330752,-472.30773848106037
295.6797178445239,20000.793108999005,19888.497319281818,192.22601271300167,101.3769689000088,53.40534056659076,23.293118035182598,202.6992052354082,20461.49796473201,-460.7048557330054
295.77971784452404,20576.108964076862,19941.355477910176,188.75353203554872,99.36075096943544,52.02864172523674,22.60761482493688,194.73850724305137,20498.844524708384,77.26443936847863
295.87971784452395,20343.792742110592,19994.213636538418,185.3741881034549,97.40399356553195,50.70440910636416,21.951869133037054,187.31212242023227,20536.96021886704,-193.1674767564473
295.97971784452386,20195.93085672167,20047.07179516666,182.0846836786899,95.50438505041343,49.430014565725244,21.324186768800498,180.35949174107452,20575.774556971362,-379.84370024969394
296.079717844524,19885.353575124158,20099.92995379502,178.88186598205706,93.65972486684042,48.202992218024534,20.722992172072225,173.82972277990126,20615.227251813918,-729.87367668976
296.1797178445239,19324.109273960446,20152.78811242326,175.76271917322367,91.86791720376971,47.021026581541214,20.146818602906418,167.679899833225,20655.266493817926,-1331.1572198574795
296.27971784452404,19565.109132609992,20205.64627105162,172.72435728292876,90.12696507868611,45.881941719547754,19.594299262975895,161.8736642698355,20695.847498665593,-1130.7383660556006
296.37971784452395,20487.8750765429,20258.50442967986,169.76401756676407,88.43496480581123,44.78369128409092,19.064159249161154,156.38003327644725,20736.931295862134,-249.05621931923451
296.47971784452386,20509.38120787946,20311.362588308097,166.87905425186673,86.79010082162736,43.724349377498015,18.555208251490036,151.17242546378594,20778.483726474366,-269.1025185949038
296.579717844524,20875.43172293344,20364.22074693646,164.0669326503915,85.19064084171096,42.702102155915654,18.06633391793463,146.22786332131247,20820.474619823723,54.957103109718446
296.6797178445239,20140.063595368487,20417.078905564696,161.3252236153426,83.63493132485058,41.71524010688784,17.596495817475876,141.5263248379802,20862.877121267233,-722.8135258987459
296.77971784452404,19868.435226122878,20469.937064193058,158.6515983161615,82.12139322236457,40.762150939901126,17.144719940668928,137.05021940252297,20905.66714601468,-1037.2319198918012
296.87971784452395,20455.206410587045,20522.795222821296,156.04382331333744,80.64851799242001,39.84131303504514,16.71009368382157,132.7839660929866,20948.82293693891,-493.6165263518633
296.97971784452386,20141.55156068795,20575.653381449538,153.49975591248486,79.21486386056439,38.951289400276856,16.291761268837067,128.71365546165154,20992.324707353353,-850.773146665404
297.079717844524,20761.968913687368,20628.511540077896,151.0173397800728,77.81905230934395,38.090722092767656,15.88891955609835,124.82677878087013,21036.15435259705,-274.18543890968067
297.1797178445239,20712.462716099002,20681.36969870614,148.59460080405972,76.45976478109695,37.25832706407478,15.500814212365386,121.11201134551287,21080.29521691325,-367.8325008142492
297.27971784452404,21035.976402888577,20734.2278573345,146.229643183885,75.13573957924405,36.45288939276178,15.126736199741643,117.55903877949157,21124.731904469623,-88.7555015810467
297.37971784452395,20441.84283181083,20787.08601596274,143.92064573555353,73.84576895462581,35.67325887162546,14.766018555396778,114.15841734659935,21169.45012542654,-727.6072936157107
297.47971784452386,20779.968394816868,20839.94417459098,141.66585839825362,72.58869636429405,34.91834591968601,14.418033434865773,110.90146102003315,21214.43656972811,-434.4681749112424
297.579717844524,20805.36437466315,20892.80233321934,139.4635989301811,71.36341389127435,34.1871177919836,14.082189394608916,107.78014953828908,21259.678802765677,-454.314428102527
297.6797178445239,20331.552756323003,20945.66049184758,137.31224978190914,70.16885981457135,33.47859506265421,13.757928891981463,104.78705289121909,21305.165178289913,-973.6124219669109
297.77971784452404,20334.09284673422,20998.51865047594,135.21025513644548,69.00401631948665,32.79184835900605,13.444725982979023,101.91526866996574,21350.884764943825,-1016.7919182096048
297.87971784452395,20468.722854650154,21051.37680910418,133.15611810602525,67.8679073391415,32.12599532639095,13.142084200118601,99.15836950957272,21396.827283585426,-928.1044289352722
297.97971784452386,20705.907853635726,21104.234967732416,131.14839807609482,66.75959651861467,31.480197805392905,12.84953459452632,96.51035848314444,21442.98305321019,-737.0751995744649
298.079717844524,21392.918875650725,21157.093126360778,129.185708187841,65.6781852938709,30.85365920458216,12.566633927904178,93.9656308012942,21489.34294377627,-96.42406812554691
298.1797178445239,20822.909268519452,21209.95128498902,127.26671295102904,64.6228110781249,30.245622053503727,12.292963001415215,91.51894055432014,21535.898334627414,-712.9890661079626
298.27971784452404,20940.62897068623,21262.809443617378,125.39012597946201,63.59264554881331,29.65536572190799,12.028125109772663,89.16537152997192,21582.641077507305,-642.0121068210756
298.37971784452395,21315.66760224562,21315.667602245616,123.55470784202627,62.586893028910374,29.08220429248576,11.77174460995336,86.90031136534314,21629.563463384337,-313.895861138717
