binding_energy_eV,raw_intensity,background,component:aromatic_C-C_C=C,component:C-N_C-Cl,component:imide_N-C=O,component:acid_O-C=O,component:pi-pi_star,total_fit,residual
275.00005371093744,9030.8472045595,9030.8472045595,258.8728818382007,67.58838325806263,18.92174789983294,5.544021196411486,23.479136850836557,9405.253375602846,-374.40617104334524
275.10005371093735,9049.897647871272,9085.736900806822,264.41557710986064,68.91499592129071,19.219792838822553,5.625717371644165,23.782242232431212,9467.695226280872,-417.79757840959974
275.2000537109375,8768.515892891743,9140.62659705427,270.1378974600972,70.28100054884156,19.52493090509802,5.70923172919366,24.091235794168817,9530.370893491669,-761.8550005999259
275.3000537109374,9037.105831532803,9195.51629330159,276.04767527579065,71.68797015564535,19.837388822175466,5.7946185937820065,24.40627052784213,9593.290216676827,-556.1843851440244
275.4000537109375,9043.481118281057,9250.405989549037,282.1531737621756,73.1375569544119,20.15740243891867,5.881934333145915,24.72750440944312,9656.463561447132,-612.9824431660745
275.50005371093744,8744.803730840273,9305.29568579636,288.46311564105804,74.6314971821905,20.485217173537407,5.971237450878005,25.055100594588705,9719.901853838612,-975.098122998339
275.60005371093735,9182.728296499288,9360.18538204368,294.9867141001685,76.17161627315558,20.821088482988348,6.0625886842278796,25.38922762292289,9783.616617207144,-600.8883207078561
275.7000537109375,9049.964296184378,9415.075078291127,301.733706196958,77.75983440616376,21.16528235943271,6.156051107162775,25.730059631948855,9847.620011992793,-797.6557158084142
275.8000537109374,8927.595259068772,9469.96477453845,308.714388941526,79.39817245842414,21.518075855554212,6.251690239015428,26.077776580797053,9911.924878613767,-984.3296195449948
275.9000537109375,8988.590877823803,9524.854470785896,315.9396583067374,81.08875839960183,21.8797576406777,6.349574159070077,26.432564484466642,9976.54478377645,-987.9539059526469
276.00005371093744,9172.278865811542,9579.744167033217,323.42105143907946,82.83383416382843,22.250628589747116,6.449773627454536,26.794615659081447,10041.494070512408,-869.2152047008658
276.10005371093735,8769.936874601242,9634.63386328054,331.1707923737895,84.63576304093438,22.631002407424667,6.552362212744746,27.16412897877895,10106.787912294212,-1336.8510376929698
276.2000537109375,8488.151723141156,9689.523559527986,339.2018415895025,86.49703763204509,23.021206289701293,6.657416426705001,27.541310144843436,10172.442371610783,-1684.2906484696268
276.3000537109374,8980.545941042661,9744.413255775307,347.52794977473536,88.42028841928698,23.421581625624302,6.765015866625618,27.926371967760456,10238.47446342934,-1257.928522386679
276.4000537109375,9131.983380867234,9799.302952022754,356.1637162195503,90.40829300433093,23.832484741953483,6.875243365753807,28.31953466291257,10304.902224017254,-1172.9188431500206
276.50005371093744,9255.565435210348,9854.192648270076,365.12465229112024,92.46398607587642,24.254287693747163,6.98818515234118,28.721026160649487,10371.74478564381,-1116.1793504334619
276.60005371093735,9381.353803699285,9909.082344517397,374.4272505047464,94.59047017257456,24.68737910417106,7.103931017884078,29.13108243156107,10439.022457748335,-1057.66865404905
276.7000537109375,8774.74881321695,9963.972040764844,384.08905975919225,96.79102731450857,25.132165057035756,7.222574495161878,29.54994782778371,10506.756815218527,-1732.0080020015776
276.8000537109374,9168.881682673125,10018.861737012166,394.1287673716818,99.06913158415983,25.589070045887333,7.344213046733102,29.97787544125498,10574.970794501884,-1406.0891118287582
276.9000537109375,8958.755493981904,10073.751433259613,404.56628862235306,101.42846274635625,26.058537983790842,7.4689482645996375,30.415127479890874,10643.688798356603,-1684.9333043746992
277.00005371093744,8978.106551873077,10128.641129506934,415.422864601302,103.87292100608904,26.541033278251717,7.596886081793924,30.86197566268762,10712.936810137058,-1734.8302582639808
277.10005371093735,9220.081895927851,10183.530825754257,426.72116924795955,106.40664301408832,27.037041976150846,7.728136996718047,31.318701634869498,10782.742518624043,-1562.6606226961921
277.2000537109375,8976.615566315753,10238.420522001703,438.4854265794923,109.03401924178439,27.547072983920277,7.86281631111241,31.785597404221825,10853.135454522235,-1876.5198882064815
277.3000537109374,9230.547304762977,10293.310218249026,450.7415392287133,111.75971286096267,28.071659368669987,8.001044382610935,32.262965799857916,10924.147139889841,-1693.5998351268645
277.4000537109375,9045.664461895034,10348.199914496472,463.51722955209976,114.58868027861807,28.611359746468374,8.142946892916022,32.75112095475259,10995.811251921326,-1950.1467900262924
277.50005371093744,9456.842342045935,10403.089610743793,476.8421947272251,117.52619349438987,29.16675976447461,8.288655132698013,33.250388813424415,11068.163802676005,-1611.3214606300699
277.60005371093735,9015.695222532797,10457.979306991114,490.74827744284727,120.57786446757254,29.738473684275426,8.438306304430952,33.76110766630237,11141.243336556543,-2125.548114023746
277.7000537109375,8936.216816212176,10512.869003238562,505.26965399207586,123.74967170211787,30.327146074360517,8.592043844457153,34.28362871235437,11215.091147563928,-2278.8743313517516
277.8000537109374,8791.816445695653,10567.758699485883,520.443041819261,127.04798928286836,30.933453620423492,8.750017765690936,34.81831665170115,11289.751518625828,-2497.935072930175
277.9000537109375,9305.820766966579,10622.64839573333,536.3079288461131,130.4796186241526,31.558107062960932,8.912385022489472,35.36555031005859,11365.271985599104,-2059.4512186325246
278.00005371093744,9213.288183389775,10677.538091980652,552.9068272174567,134.05182322321917,32.20185327245551,9.079309899333712,35.92572329693452,11441.703628890053,-2228.415445500277
278.10005371093735,8669.588694776216,10732.427788227973,570.2855544733042,137.77236674730545,32.86547747345441,9.250964425121783,36.49924469970815,11519.101396046866,-2849.5127012706507
278.2000537109375,9029.518246040549,10787.31748447542,588.4935455728856,141.6495548235775,33.549805629826224,9.427528815010264,37.086539815799625,11597.524459132519,-2568.0062130919705
278.3000537109374,9212.724963118995,10842.207180722742,607.5841996845403,145.69228094800076,34.25570700468425,9.609191941918835,37.68805092533631,11677.036611227222,-2464.311648108227
278.4000537109375,9352.811958489985,10897.096876970189,627.6152662203741,149.91007698238062,34.98409690974693,9.796151839998313,38.304238106894815,11757.706707029583,-2404.8947485395984
278.50005371093744,8547.217442728233,10951.98657321751,648.6492752495332,154.31316876927343,35.735939660264926,9.988616242549234,38.93558009903274,11839.609153238163,-3292.39171050993
278.60005371093735,8534.85141190704,11006.876269464832,670.7540181909075,158.91253746460228,36.512251753299545,10.18680315712229,39.58257521059639,11922.82445524136,-3387.9730433343193
278.7000537109375,8614.316571158386,11061.765965712279,694.0030855762067,163.71998726721432,37.31410528878666,10.390941480752504,40.245742282928894,12007.439827608168,-3393.1232564497823
278.8000537109374,8646.403532047332,11116.6556619596,718.4764697201111,168.7482203168127,38.14263165480468,10.601271658561465,40.925621707380984,12093.54987701727,-3447.1463449699386
278.9000537109375,8733.689893665236,11171.545358207048,744.261241359095,174.01091963757207,38.9990255006129,10.818046389258006,41.62277650177881,12181.257367595364,-3447.5674739301285
279.00005371093744,9207.755894791324,11226.435054454369,771.4523107583578,179.52284112650517,39.88454902334444,11.041531381376252,42.33779344971874,12270.67408019367,-3062.9181854023464
279.10005371093735,9125.487104772134,11281.32475070169,800.1532854862563,185.29991572755497,40.80053659699578,11.27200616447524,43.071284306934956,12361.921778983906,-3236.4346742117723
279.2000537109375,8643.52902138082,11336.214446949136,830.4774390576358,191.3593630954883,41.74839977521115,11.509764959894419,43.823887079217286,12455.133300916583,-3811.6042795357625
279.3000537109374,8515.412142849535,11391.104143196459,862.5488070248869,197.719818244211,42.72963270272877,11.755117616114314,44.59626737675207,12550.453786161152,-4035.041643311617
279.4000537109375,9054.273435230138,11445.993839443905,896.5034299178399,204.4014728954933,43.74581797405428,12.008390614258353,45.38911985013396,12648.042070695685,-3593.768635465547
279.50005371093744,9070.537763833232,11500.883535691228,932.4907657928878,211.42623350174335,44.798632981979,12.269928149789578,46.203169713637735,12748.072265831266,-3677.534501998034
279.60005371093735,8771.882346623002,11555.773231938549,970.6752991721725,218.81789821909777,45.88985680331209,12.540093297083061,47.03917436187251,12850.735553792087,-4078.8532071690843
279.7000537109375,9081.112181818984,11610.662928185995,1011.2383779624117,226.6023554600234,47.021377674264066,12.819269264185726,47.8979250863191,12956.242233633198,-3875.1300518142143
279.8000537109374,8851.414423398894,11665.552624433316,1054.3803157300204,234.80780707068172,48.19520111382872,13.10786074583053,48.780248898828354,13064.824057992506,-4213.409634593612
279.9000537109375,9396.489004440187,11720.442320680762,1100.322803683999,243.4650196677766,49.41345876007742,13.40629538359219,49.68701046972439,13176.736908645931,-3780.247904205744
280.00005371093744,8916.659384710149,11775.332016928085,1149.3116851508469,252.60760824681216,50.67841799157412,13.715025342960404,50.619114188696564,13292.263867848975,-4375.604483138826
280.10005371093735,9336.775338128866,11830.221713175408,1201.6201555697278,262.27235685881817,51.99249241459889,14.034529018159649,51.577506357440335,13411.718753394152,-4074.9434152652866
280.2000537109375,9076.181465944668,11885.111409422854,1257.552463500241,272.49958196367163,53.3582533061325,14.365312876643893,52.5631775236211,13535.450198593164,-4459.268732648496
280.3000537109374,8738.092472488848,11940.001105670175,1317.4482033820452,283.3335450355276,54.778442113294915,14.70791345648688,53.57716496659624,13663.846374624125,-4925.753902135277
280.4000537109375,9015.191702554408,11994.890801917623,1381.6873094993705,294.8229221501308,56.25598412200162,15.062899531311706,54.62055534619816,13797.340472566637,-4782.148770012229
280.50005371093744,8992.092978992981,12049.780498164944,1450.6958836907504,307.0213396649081,57.79400342117385,15.430874458968404,55.694487526742925,13936.417086927488,-4944.324107934506
280.60005371093735,8801.743634575236,12104.670194412265,1524.953018055457,319.9879867639832,59.39583930457071,15.8124787319983,56.800155589585614,14081.61967285786,-5279.876038282624
280.7000537109375,9106.817833032155,12159.559890659712,1604.998809993537,333.7883176388288,61.065064269835744,16.208392749888844,57.93881204854263,14233.559287360345,-5126.74145432819
280.8000537109374,8924.271337403186,12214.449586907034,1691.443813208285,348.4948584936213,62.80550379464996,16.619339835409267,59.11177128381527,14392.924873522816,-5468.653536119629
280.9000537109375,9212.42186731566,12269.33928315448,1784.980229693606,364.18813749651645,64.62125809294942,17.04608951986593,60.32041321140602,14560.495411168824,-5348.073543853165
281.00005371093744,9341.812114138866,12324.228979401802,1886.3952336313264,380.95775936520874,66.51672608040515,17.489461124955966,61.56618720640788,14737.154346810106,-5395.342232671241
281.10005371093735,9408.823741459018,12379.118675649122,1996.5869476249252,398.90365063517913,68.49663180881377,17.950327672195332,62.85061630032244,14923.906849690558,-5515.08310823154
281.2000537109375,9782.220554371015,12434.00837189657,2116.583804062633,418.13750699995137,70.56605366354518,18.429620154519032,64.17530167420594,15121.900658451425,-5339.680104080409
281.3000537109374,9447.260134315276,12488.898068143892,2247.56839976378,438.7844806893864,72.73045665827232,18.928332208847365,65.54192747151063,15332.451664935688,-5885.191530620412
281.4000537109375,9768.421020579848,12543.787764391338,2390.9076484564766,460.98515398046675,74.99572820726256,19.447525233141338,66.9522659566766,15557.076086225361,-5788.655065645513
281.50005371093744,9618.452125102824,12598.67746063866,2548.1923509303997,484.89785503373486,77.36821780851254,19.988333996804048,68.40818304783757,15797.532401455948,-6179.080276353125
281.60005371093735,10035.105542585969,12653.567156885982,2721.29176671698,510.7013848929465,79.85478113282116,20.55197279946644,69.91164425486231,16055.87870668306,-6020.773164097091
281.7000537109375,10303.516530508003,12708.45685313343,2912.433261852583,538.5982404865874,82.46282908499963,21.139742240113723,71.46472105678595,16334.5556478545,-6031.039117346498
281.8000537109374,10281.858391094247,12763.34654938075,3124.3249574468246,568.8184391331832,85.20038248655057,21.753036666524824,73.06959775617203,16636.512962870005,-6354.654571775758
281.9000537109375,10650.223645632193,12818.236245628197,3360.3523106605417,601.6240776619411,88.07613312581094,22.393352384132484,74.72857885178243,16965.410698312407,-6315.187052680214
282.00005371093744,11027.910856310342,12873.125941875518,3624.8997365141704,637.3147982855891,91.09951203417094,23.062296713833923,76.44409697518306,17325.946382398466,-6298.035526088124
282.10005371093735,11234.980457461988,12928.01563812284,3923.8772081500524,676.2343931064852,94.28076597937596,23.761598000388982,78.21872144218058,17724.388324801323,-6489.407867339334
282.2000537109375,12248.66051396287,12982.905334370287,4265.56869885818,718.7788792987527,97.63104332149344,24.493116686814144,80.05516747572567,18169.432240011254,-5920.771726048384
282.3000537109374,12127.753058072634,13037.79503061761,4661.95935742845,765.4065588685664,101.16249055954232,25.258857586201398,81.95630616411805,18673.53860122449,-6545.785543151855
282.4000537109375,13029.216987330006,13092.684726865056,5130.728983738544,816.6509238228978,104.88836111164557,26.06098350085538,83.92517522692009,19254.93915426592,-6225.722166935915
282.50005371093744,13807.972280496328,13147.574423112377,5698.098139886981,873.1379396432219,108.82313812527306,26.90183035995808,85.96499067136548,19940.500461799176,-6132.528181302849
282.60005371093735,15018.390766792585,13202.464119359698,6402.647170313469,935.6105253429911,112.98267341567882,27.783924071873933,88.07915943546574,20769.567571939177,-5751.1768051465915
282.7000537109375,17003.50367112269,13257.353815607144,7300.059082180495,1004.9654263986872,117.38434498814446,28.70999931596601,90.27129313052134,21798.74396162096,-4795.24029049827
282.8000537109374,18812.39558804887,13312.243511854467,8468.433321251177,1082.311868521388,122.04723602669873,29.68302053248911,92.5452230174566,23107.264181203678,-4294.86859315481
282.9000537109375,20967.626749823507,13367.133208101914,10013.375646406028,1169.0683275713982,126.99233874239602,30.70620540843147,94.90501637948839,24802.180742609657,-3834.55399278615
283.00005371093744,23247.06504644324,13422.022904349236,12071.539598104066,1267.1244191707372,132.24278708609214,31.783051203124355,97.35499449032459,27022.06775440358,-3775.0027079603387
283.10005371093735,27013.169816612975,13476.912600596557,14810.800507696047,1379.1097673856254,137.82412306799466,32.91736431159512,99.89975242605561,29937.464115483876,-2924.2942988709
283.2000537109375,32366.222194745733,13531.802296844004,18424.97764844864,1508.8297390058437,143.76460231523342,34.11329352711731,102.54418103309668,33746.03176117393,-1379.8095664281973
283.3000537109374,38043.0971124098,13586.691993091326,23121.208301765782,1661.9451743827165,150.0955455767664,35.37536753954024,105.29349145017288,38660.6098738063,-617.5127613965014
283.4000537109375,46445.94324727638,13641.581689338773,29098.88467392652,1846.981201506363,156.85174419525788,36.708537294797196,108.15324269543915,44889.16108895715,1556.7821583192272
283.50005371093744,53363.12374386338,13696.471385586094,36520.46877090142,2076.734887679694,164.07192916386833,38.11822394625899,111.12937297875443,52606.994570256094,756.129173607289
283.60005371093735,64294.527213244706,13751.361081833416,45476.161880031126,2370.094502022208,171.79931534494196,39.61037325413635,114.22823559522307,61923.25538808106,2371.271825163647
283.7000537109375,75548.94035867417,13806.250778080863,55945.61337927882,2754.166654596851,180.08223483466003,41.191517438603356,117.45664051108584,72844.76120474088,2704.1791539332917
283.8000537109374,87803.19480784734,13861.140474328186,67759.69527785455,3266.4236843428152,188.97487643089335,42.86884567152376,120.82190308379126,85239.92506171175,2563.2697461355856
283.9000537109375,102626.58224275715,13916.030170575632,80563.40050739705,3956.34767049979,198.53815184683975,44.650284606752024,124.33190178237011,98803.29868670841,3823.283556048744
284.00005371093744,116390.8461736617,13970.919866822953,93778.78805420635,4885.809927843129,208.84071390069408,46.544590607945224,127.99514731339808,113018.89830069446,3371.947872967241
284.10005371093735,129126.00913072721,14025.809563070274,106570.8954566918,6127.274609508073,219.9601576510629,48.56145564620997,131.8208662369268,127124.32210880435,2001.6870219228585
284.2000537109375,139104.21763595755,14080.69925931772,117840.71995545887,7758.962672827486,231.98444265666717,50.71162921955572,135.8191030004498,140098.89706248077,-994.6794265232165
284.3000537109374,149328.84250011537,14135.588955565043,126309.26836193507,9856.447607054439,245.0135836429706,53.00705910864357,140.00084535599643,150739.32641266217,-1410.4839125467988
284.4000537109375,152303.93405996644,14190.47865181249,130770.51573080785,12480.779329274146,259.16166841438087,55.46105434826802,144.37817938147992,157900.7746140386,-5596.840554072143
284.50005371093744,156187.74942554403,14245.368348059812,130488.06898342716,15663.991905485917,274.5592766127629,58.08847448667823,148.96448182584973,160879.0414698982,-4691.292044354166
284.60005371093735,159360.72046908396,14300.258044307133,125510.813260075,19393.398645784007,291.3563919536721,60.9059500582409,153.77465925673354,159710.5069514348,-349.78648235084256
284.7000537109375,156153.00320439177,14355.14774055458,116650.28180607468,23595.96862298187,309.72592546267566,63.93214024940657,158.82544551351307,155133.88168083673,1019.121523555048
284.8000537109374,152981.54993127633,14410.0374368019,105139.87325095484,28123.13794581609,329.86800070495775,67.1880350476956,164.13577125015522,148234.24044057567,4747.30949070066
284.9000537109375,143847.04140025828,14464.927133049348,92246.97260358094,32735.63890531846,352.0151993598613,70.69731079657043,169.72722185680863,140039.978373962,3807.063026296295
285.00005371093744,135363.1945650432,14519.81682929667,79041.70069319308,37090.82993297359,376.4390384008907,74.48675012465003,175.62460271413588,131278.897846703,4084.2967183401925
285.10005371093735,123529.84424863373,14574.706525543992,66327.87880646219,40746.846112331616,403.4580756954018,78.58673979312967,181.85663345993416,122313.33289328625,1216.5113553474803
285.2000537109375,111721.90129583506,14629.596221791438,54655.651432058425,43215.73523420358,433.44828196743055,83.03186326190135,188.45679558357713,113205.91982886635,-1484.0185330312815
285.3000537109374,101472.45343002635,14684.485918038761,44356.54053791299,44091.7853631757,466.85681465391787,87.86160891669721,195.46436001037634,103882.99460270844,-2410.5411726820894
285.4000537109375,90600.10398863767,14739.375614286206,35580.470691062386,43213.88162491421,504.22137955168415,93.12122019780885,202.92562313069246,94333.996153143,-3733.892164505334
285.50005371093744,83517.71650873289,14794.265310533527,28332.9668227574,40743.469764772526,546.1995438296051,98.86272070147076,210.89538063983167,84726.65954323436,-1208.9430345014698
285.60005371093735,74578.29727050934,14849.15500678085,22513.49322274963,37086.440215426104,593.6166736380771,105.14615624034417,219.43866819488443,75367.28994302989,-788.9926725205441
285.7000537109375,67662.61811513924,14904.044703028296,17953.575803609016,32730.751183769557,647.5491419540251,112.04110774275509,228.63279581061568,66576.59473591426,1086.0233792249783
285.8000537109374,59670.65023577537,14958.934399275618,14451.568003998806,28118.17723828912,709.4729710886531,119.62854542034766,238.5696986162473,58596.35085668879,1074.2993790865803
285.9000537109375,53910.265383433674,15013.824095523065,11800.962895207056,23591.24581538314,781.528555799459,128.00311943579084,249.358619557655,51564.92310090617,2345.3422825275047
286.00005371093744,46749.86214218331,15068.713791770388,9810.461231724697,19389.11928736249,866.9785779953758,137.27602372358427,261.12912934333013,45533.67804191986,1216.1841002634465
286.10005371093735,40271.919666874666,15123.603488017707,8315.666537931043,15660.272266976646,970.9620455099418,147.5786474916357,274.03447493839616,40492.11746086537,-220.19779399070103
286.2000537109375,37476.1629461545,15178.493184265155,7183.623545264798,12477.662667817882,1101.6563946717524,159.06738896867864,288.2552298438111,36388.75841083208,1087.404535322421
286.3000537109374,33061.89224893775,15233.382880512476,6312.1478297803515,9853.920665615256,1271.9238985123861,171.930347667149,304.00319706363626,33147.30881915125,-85.41657021349965
286.4000537109375,29974.701937055008,15288.272576759922,5626.019323401849,7756.97268025195,1501.4024440878834,186.39733498877553,321.52548909009585,30680.589848580476,-705.8879115254676
286.50005371093744,28521.185615070648,15343.162273007245,5071.808850024358,6125.745771619453,1818.775120240753,202.75611280033323,341.10867875261465,28903.356806444757,-382.1711913741092
286.60005371093735,28217.541707516913,15398.051969254568,4612.599408785888,4884.657806357101,2263.62293208967,221.38056725427896,363.08288108170166,27743.395564823208,474.14614269370577
286.7000537109375,27233.964361382128,15452.941665502014,4223.339602889562,3955.490158967058,2886.9012264545117,242.78141404205022,387.8255905377995,27149.279658392996,84.68470298913235
286.8000537109374,26354.55868487952,15507.831361749335,3887.139475147951,3265.7880698216472,3748.8365339806014,267.6976823819693,415.76506162513533,27093.058184706642,-738.4994998271213
286.9000537109375,26878.0735724709,15562.721057996783,3592.531660115467,2753.693042275779,4913.123723166942,297.25750000197985,447.3829860788135,27566.709969635765,-688.6363971648643
287.00005371093744,28851.17902752771,15617.610754244102,3331.565338732724,2369.7364070261824,6436.876008790756,333.2473585249525,483.21618894126374,28572.252056259982,278.9269712677269
287.10005371093735,30434.628217157708,15672.500450491425,3098.5438982903393,2076.4579927215973,8356.798376977607,378.53406643661947,523.8570417572047,30106.691826674793,327.93639048291516
287.2000537109375,32672.52122671517,15727.390146738871,2889.2211862213276,1846.7612039423182,10673.109551797355,437.6720808085282,569.9522768410626,32144.106446349462,528.414780365707
287.3000537109374,35283.5203729457,15782.279842986194,2700.3039568693175,1661.7654189922766,13333.063650451997,517.686223114971,622.1998851913731,34617.29897760613,666.2213953395694
287.4000537109375,37573.19297775608,15837.16953923364,2529.1482471224695,1508.679065863079,16214.92197925536,628.9332864702601,681.34379499182,37400.19591293663,172.99706481945032
287.50005371093744,39890.15294490059,15892.059235480961,2373.573547672174,1378.980773152398,19112.132354854584,785.8162194709005,748.1660600828129,40290.72819071383,-400.57524581324105
287.60005371093735,43051.23793413333,15946.948931728284,2231.74643209681,1267.0121686518796,21722.153625350053,1006.978807945154,823.4763398046007,42998.31630557678,52.92162855654897
287.7000537109375,45036.39862134683,16001.83862797573,2102.1045534709206,1168.9694619741142,23663.219085038443,1314.5091278000418,908.0985234285741,45158.739379687824,-122.34075834099349
287.8000537109374,46399.23706510351,16056.728324223051,1983.3042224943804,1082.2240215311988,24562.14594792528,1731.7118977058171,1002.8544426842409,46418.968856563966,-19.731791460457316
287.9000537109375,46920.79051387197,16111.618020470498,1874.1821567899285,1004.8868582297343,24214.494575724304,2279.2404375668957,1108.5447213624066,46592.96677014377,327.8237437282005
288.00005371093744,45581.34024072126,16166.50771671782,1773.7261872673023,935.5399004724558,22701.924572543918,2969.7882520613684,1225.9269261463621,45773.41355520923,-192.07331448796322
288.10005371093735,43581.52075443739,16221.397412965141,1681.052000671251,873.0741939349859,20342.90515891601,3801.9541587832873,1355.691299903263,44276.074225173936,-694.5534707365441
288.2000537109375,42547.389362310205,16276.28710921259,1595.3842190749056,816.5931848013502,17531.69178859051,4753.994386096795,1498.4344674970507,42472.385155273194,75.00420703701093
288.3000537109374,40551.33898198767,16331.176805459909,1516.040764258472,765.3540966084882,14611.753723314225,5777.741899092008,1654.6315926954767,40656.69888142858,-105.35989944091125
288.4000537109375,40317.54397789469,16386.066501707355,1442.419805159826,718.7310747032743,11832.239378046314,6792.649587728878,1824.6075194956716,38996.71386684132,1320.830111053372
288.50005371093744,37349.39463138889,16440.956197954678,1373.9887862629996,676.1907161478201,9351.112366060068,7682.354684270799,2008.507438674766,37533.11018937113,-183.7155579822429
288.60005371093735,37266.206298057536,16495.845894202,1310.2751577139097,637.2747921528518,7250.175480211608,8304.405413321816,2206.2675690307833,36204.24430663297,1061.9619914245632
288.7000537109375,34710.868838166076,16550.735590449447,1250.8585102977725,601.5873466271025,5551.015345157999,8529.595469307036,2417.5862258948855,34901.37848773424,-190.5096495681646
288.8000537109374,33025.84629889961,16605.62528669677,1195.3638776792675,568.7846389270051,4231.282823274254,8303.931501454215,2641.8954699400215,33546.88359797154,-521.0372990719261
288.9000537109375,32655.067499220746,16660.514982944216,1143.4560132132165,538.56707048607,3241.1519359255244,7681.516178958575,2878.33330562133,32143.539487148933,511.52801207181255
289.00005371093744,29733.330703686875,16715.40467919154,1094.834483754634,510.67258168796155,2518.393930546789,6791.602597349909,3125.7161734750007,30756.624446005833,-1023.2937423189578
289.10005371093735,28815.772457364725,16770.294375438858,1049.2294508639304,484.87118707773664,2000.2534005903776,5776.629301085634,3382.511330878548,29463.789045935086,-648.0165885703609
289.2000537109375,28849.319369737583,16825.184071686304,1006.3980323376538,460.96041711500425,1631.146436843731,4752.92189989442,3646.8087622426306,28323.41962011974,525.8997496178417
289.3000537109374,27129.052863306308,16880.073767933627,966.1211552589696,438.76149438036447,1366.3108615281017,3800.9898734772087,3916.2926710753845,27368.549823653655,-239.49696034734734
289.4000537109375,26671.9299062107,16934.963464181074,928.2008266515714,418.1161111585975,1172.3359222836036,2968.968619222127,4188.213590658884,26610.798534155856,61.13137205484236
289.50005371093744,26176.77930525773,16989.853160428396,892.4577600088605,398.88370292373384,1025.790159952425,2278.5767756402947,4459.363914935705,26044.925473889416,131.85383136831297
289.60005371093735,25901.643356586785,17044.74285667572,858.7293059742793,380.9391329040388,911.0432600055401,1731.197003011979,4726.06231726452,25652.713875836074,248.92948075071035
289.7000537109375,25184.906124520698,17099.632552923165,826.8676437040906,364.1707189072039,818.0442740019057,1314.1240329411348,4984.155974908957,25406.99519738646,-222.0890728657614
289.8000537109374,25287.337267417144,17154.522249170484,796.738196264057,348.478546222979,740.4596739560817,1006.6990641435323,5229.0531931309415,25275.950922888078,11.386344529066264
289.9000537109375,25452.730812431528,17209.41194541793,768.2182390732445,333.7730205186976,674.2982294891281,785.6169021133599,5455.801733228879,25227.12006984124,225.61074259028828
290.00005371093744,25442.344539246886,17264.301641665254,741.1956751225093,319.97362277069436,616.9866092436088,628.7922627165027,5659.228044915681,25230.47785643425,211.866682812637
290.10005371093735,24803.642804859082,17319.191337912576,715.5679546251497,307.00783484672155,566.7922272856736,517.5857095409033,5834.147546659344,25260.29261087037,-456.6498060112863
290.2000537109375,24763.713939865516,17374.081034160023,691.2411200546377,294.8102096980116,522.4828728101543,437.59887821432693,5975.644598194354,25295.858713131507,-532.1447732659908
290.3000537109374,25233.34774442724,17428.970730407345,668.1289602876578,283.3215644756448,483.1336165600582,378.47899275446645,6079.403413806194,25321.437278291367,-88.08953386412759
290.4000537109375,25428.896251200335,17483.86042665479,646.1522598997949,272.4882784535994,448.01896659583394,333.20434852791266,6142.051625564931,25325.775905696864,103.12034550347016
290.50005371093744,25638.064015921842,17538.750122902115,625.2381316293623,262.26168057315516,416.5517879695257,297.2226945960742,6161.463317112266,25301.4877347825,336.57628113934334
290.60005371093735,25807.46126074089,17593.639819149437,605.3194216865586,252.59751383887934,388.24705871945133,267.6686742850605,6136.965613372382,25244.438101051768,563.0231596891208
290.7000537109375,25820.601323211482,17648.529515396884,586.3341790008261,243.4554657973904,362.6987665992233,242.75669847747994,6069.406569698102,25153.181194969904,667.4201282415779
290.8000537109374,25362.785713612568,17703.419211644203,568.2251806995176,234.79875598873735,339.5639880409355,221.3591785019784,5961.069805215464,25028.436120090835,334.34959352173246
290.9000537109375,24388.55816970993,17758.30890789165,550.9395071364286,226.59377264206603,318.5511720685474,202.73740109726117,5815.454130614644,24872.584891450595,-484.0267217406654
291.00005371093744,24913.543212621174,17813.19860413897,534.4281606666999,218.80975204185657,299.41111591409947,186.38083719175236,5636.962846595874,24689.19131654925,224.35189607192297
291.10005371093735,24227.191205604748,17868.08830038629,518.6457231134059,211.41849495649012,281.92981531050003,171.91571501513098,5430.559121299204,24482.55717008102,-255.3659644762738
291.2000537109375,24330.661527807424,17922.977996633737,503.5500475184234,204.3941153339309,265.9227044587852,159.05434720404304,5201.43939017714,24257.33860132606,73.32292648136354
291.3000537109374,23271.182590850643,17977.86769288106,489.1019803238988,197.7128171526026,251.22996705203832,147.56697438276902,4954.760888900765,24018.240320693134,-747.0577298424905
291.4000537109375,23925.63331909827,18032.757389128506,475.2651106095823,191.3526958933695,237.71269148388492,137.26553568051068,4695.439836600903,23769.793259396756,155.84005970151338
291.50005371093744,23006.342857900483,18087.64708537583,462.0055434262749,185.29356158837126,225.249700154752,127.99366289493322,4428.019950470591,23516.20950391075,-509.8666460102686
291.60005371093735,22774.759170883237,18142.536781623152,449.29169462220045,179.51678081710443,213.73492159264592,119.61999083984689,4156.6002457677405,23261.30041526269,-486.5412443794521
291.7000537109375,23522.95861538901,18197.4264778706,437.094104871888,174.00513537464295,203.07520241635825,112.0333451448707,3884.8066941793913,23008.440959857748,514.517655531261
291.8000537109374,23191.14156040666,18252.31617411792,425.3852708863487,168.74269563813857,193.18847758891064,105.13909176115253,3615.7926468703245,22760.564356862797,430.577203543864
291.9000537109375,22066.574571674668,18307.205870365367,414.1394920188955,163.71470691591668,184.00223393526124,98.8562738521263,3352.2558348897674,22520.174411977336,-453.5998403026679
292.00005371093744,22728.543245351528,18362.09556661269,403.3327306873448,158.90748728517156,175.45221478900754,93.11532165860554,3096.463457225479,22289.3667782583,439.176467093228
292.10005371093735,22590.79429751784,18416.98526286001,392.94248521145556,154.30833561372825,167.48132375866115,87.85619874317032,2850.2802441670065,22069.853850354033,520.9404471638081
292.2000537109375,22616.55332813751,18471.874959107456,382.9476738231834,149.90544862569647,160.03869360734447,83.02688941615583,2615.196944795476,21862.990609375312,753.5627187621976
292.3000537109374,22002.22551413576,18526.764655354775,373.32852874431137,145.68784601168255,153.0788925939917,78.58215693478283,2392.358352647874,21669.80043228742,332.4250818483415
292.4000537109375,22357.521129504355,18581.654351602225,364.06649934727716,141.6453027064045,146.5612456952312,74.48251861027589,2182.590890129717,21491.000808091132,866.5203214132234
292.50005371093744,21443.110647055095,18636.544047849547,355.14416352239556,137.76828756271016,140.44925219246355,70.69339584808986,1986.430131183223,21327.02927815843,116.08136889666639
292.60005371093735,21732.924526247814,18691.433744096867,346.5451464674394,134.04790774233354,134.71008438031097,67.18440605791987,1804.1486575503654,21178.069946295236,554.8545799525782
292.7000537109375,21065.85654080865,18746.323440344313,338.2540461996877,130.47585822414737,129.31415479934216,63.92877019974233,1635.7844803008716,21044.080750068104,21.775790740546654
292.8000537109374,21479.82140422535,18801.213136591636,330.2563651631024,127.0443758999534,124.23474154336591,60.902815028529936,1481.1700301499895,20924.821464376575,554.9999398487744
292.9000537109375,21382.257850508508,18856.102832839082,322.538447368266,123.74619778865653,119.4476629422967,58.08555324083045,1339.961499880008,20819.88219405914,562.3756564493669
293.00005371093744,21445.605046262986,18910.992529086405,315.08742056089557,120.5745229530839,114.93099435427662,55.45832798284474,1211.6681493224128,20728.711944259918,716.8931020030686
293.10005371093735,21631.298960928947,18965.882225333728,307.8911429648237,117.52297774983495,110.6648209762591,53.00451075361838,1095.6810741688575,20650.646751947123,980.6522089818245
293.2000537109375,21233.219362954573,19020.771921581174,300.9381541917625,114.58558408382551,106.63102155219244,50.709243782685924,991.3008958445914,20584.93682103623,648.2825419183428
293.3000537109374,21092.28254566951,19075.661617828497,294.21762994995066,111.7567303748185,102.81307865912245,48.55921959398886,897.7638433040083,20530.772119710386,561.5104259591244
293.4000537109375,20601.57197962289,19130.551314075943,287.7193402198697,109.03114497486051,99.19591191669961,46.54249177718933,814.2657569868388,20487.3059599514,114.26601967148963
293.50005371093744,21180.440914614835,19185.441010323262,281.4336105979133,106.40387180363338,95.76573101954942,44.64831204217488,739.98363671946,20453.67617250599,726.7647421088441
293.60005371093735,21194.326867653628,19240.330706570585,275.3512865367821,103.8702479929802,92.5099059538379,42.86698948519681,674.0944657189458,20429.023602258327,765.3032653953014
293.7000537109375,20051.384729250458,19295.22040281803,269.4637002379368,101.42588335397755,89.41685214710893,41.189768688050705,615.7911601951961,20412.5077674403,-361.1230381898422
293.8000537109374,20795.9276209563,19350.110099065354,263.76263997393295,99.06664149897159,86.47592862550214,39.60872383633914,564.2956084463648,20403.319641446466,392.60797950983397
293.9000537109375,20752.252857374486,19404.9997953128,258.2403216391584,96.78862246810426,83.6773475265826,38.11666650516535,518.8688672892754,20400.691620741087,351.56123663339895
294.00005371093744,21088.465124712206,19459.88949156012,252.889362346492,94.58814672522114,81.01209354780042,36.70706514050966,478.8186719411054,20403.904831261247,684.5602934509589
294.10005371093735,20559.604407363695,19514.779187807442,247.7027559033544,92.46174040125562,78.47185210637768,35.37397457745601,443.5044850184104,20412.293995814296,147.31041154939885
294.2000537109375,20798.832294300264,19569.66888405489,242.673850016339,90.40612167549976,76.04894515337477,34.111974195678826,412.3403600245067,20425.250135120288,373.58215917997586
294.3000537109374,20886.528184974806,19624.55858030221,237.7963250866642,88.418188195702,73.73627372629728,32.916113527506354,384.7959249442489,20442.22140578263,444.3067791921749
294.4000537109375,20841.686419215006,19679.448276549658,233.0641744709078,86.49500544751655,71.52726644569607,31.781864312966032,360.3958039683757,20462.71239119512,378.97402801988574
294.50005371093744,20264.443665547282,19734.33797279698,228.4716860928705,84.63379599254023,69.41583326498072,30.7050781459111,338.71779233956283,20486.282158632846,-221.83849308556455
294.60005371093735,21191.9947795301,19789.227669044303,224.0134253017424,82.83192950157998,67.39632387120714,29.681948980532212,319.39008373748334,20512.541380436847,679.4533990932541
294.7000537109375,21030.808631628624,19844.11736529175,219.6842188813479,81.08691351690264,65.46349021123925,28.70897987305638,302.08782459239046,20541.148792366686,489.65983926193803
294.8000537109374,21386.175945529834,19899.007061539072,215.47914012299526,79.39638488321522,63.612452683267236,27.7829534221292,286.52923824552454,20571.807230896204,814.3687146336306
294.9000537109375,20599.76385983182,19953.89675778652,211.39349488185943,77.75810179266223,61.83866959045578,26.900905446425966,272.4715267500001,20604.25945624792,-4.495596416101762
295.00005371093744,20993.727691036023,20008.786454033838,207.4228085438552,76.16993639423214,60.13790950274906,26.06010150169859,259.7067217420154,20638.28393171839,355.4437593176335
295.10005371093735,20885.583234988615,20063.67615028116,203.56281383550436,74.62986792222547,58.50622621519381,25.258015893374903,248.0576201839733,20673.69069433143,211.89254065718342
295.2000537109375,20507.893139160173,20118.565846528607,199.8094394153498,73.13597630268114,56.9399360283388,24.49231288695953,237.3739074104822,20710.31741857242,-202.42427941224742
295.3000537109374,20173.831612152484,20173.455542775926,196.15879919015796,71.68643620015855,55.43559710828753,23.76082985770315,227.5285398506553,20748.02574498289,-574.1941328304056
295.4000537109375,20855.348507167393,20228.345239023372,192.60718230374397,70.27951147056673,53.98999071203459,23.061562154643557,218.4144337087183,20786.69791937308,68.65058779431274
295.50005371093744,20316.102052367307,20283.234935270695,189.15104375071274,68.91354998881442,52.60010408832316,22.392649483028716,209.94148405001846,20826.233766631594,-510.13171426428744
295.60005371093735,20383.58232350048,20338.124631518018,185.7869955707492,67.58697882255953,51.26311488549759,21.752363633844457,202.03392115911726,20866.548005589786,-482.96568208930694
295.7000537109375,20939.211268403393,20393.014327765464,182.51179858301867,66.29829972594969,49.97637691678804,21.13909741063403,194.62799749449763,20907.56789789635,31.643370507041254
295.8000537109374,20884.853673183905,20447.904024012787,179.32235462311266,65.0460849293351,48.737407149827796,20.551354622194278,187.669988680639,20949.231214017895,-64.37754083398977
295.9000537109375,20367.575691071663,20502.793720260233,176.21569924789216,63.82897320294374,47.54387380170685,19.98774102570838,181.11448528551819,20991.484492824,-623.9088017523391
296.00005371093744,20462.20610239648,20557.683416507556,173.1889948764819,62.64566617442523,46.3935854337279,19.446956118767776,174.922948115364,21034.281567226324,-572.0754648298425
296.10005371093735,20811.236612354824,20612.57311275488,170.23952433769682,61.49492488166509,45.28448095113501,18.927785690690857,169.06249789925013,21077.582326515316,-266.3457141604922
296.2000537109375,20399.53263895,20667.462809002325,167.36468479680298,60.37556654393062,44.21462042318627,18.429095054088968,163.5049100461166,21121.35168586645,-721.819046916451
296.3000537109374,21070.244209125092,20722.352505249644,164.56198203630058,59.28646153567851,43.18217664764403,17.949822886712965,158.22578618925388,21165.558734545233,-95.31452542014085
296.4000537109375,20695.38377291407,20777.242201497094,161.82902506730244,58.22653054860876,42.185427391561106,17.488975621593244,153.20387610587144,21210.17603623203,-514.7922633179624
296.50005371093744,20313.92536836434,20832.131897744417,159.16352105002073,57.19474192877319,41.222748247242215,17.04562233050348,148.4205259919768,21255.179057292935,-941.2536889285948
296.60005371093735,20392.021927049624,20887.021593991736,156.56327050310472,56.1901091764501,40.29260604827747,16.618890051836647,143.85923172830312,21300.54570149971,-908.5237744500846
296.7000537109375,20277.85564583463,20941.91129023918,154.02616278337217,55.21168859758175,39.39355279614358,16.207959519414455,139.50527849831516,21346.255932434007,-1068.400286599379
296.8000537109374,21248.332597854635,20996.8009864865,151.55017181859185,54.258577096352454,38.524220052658826,15.812061253438396,135.3454507699968,21392.29146747754,-143.95886962290388
296.9000537109375,20582.3143408782,21051.690682733948,149.13335207721653,53.32991009928546,37.68331375793122,15.43047197895676,131.36779913442047,21438.635529781757,-856.3211889035556
297.00005371093744,19736.788232116516,21106.58037898127,146.77383476029684,52.42485960203915,36.86960943739087,15.062511340926072,127.56145274688149,21485.272646868805,-1748.484414752289
297.10005371093735,20464.273793937493,21161.470075228593,144.4698242015413,51.54263233063129,36.081947764861,14.707538888141487,123.91646810986907,21532.18848652364,-1067.914692586146
297.2000537109375,20062.139501324255,21216.35977147604,142.2195944627629,50.682468009550185,35.3192304518396,14.36495130123218,120.42370666551409,21579.36972236694,-1517.230221042686
297.3000537109374,21118.481481687417,21271.249467723363,140.02148611264482,49.8436377296978,34.58041643588233,14.034179842431907,117.0747351343478,21626.803922978368,-508.32244129095125
297.4000537109375,20664.297841183256,21326.13916397081,137.87390317759238,49.02544240962919,33.86451834348308,13.714688007096502,113.86174376647593,21674.479459675087,-1010.1816184918316
297.50005371093744,20214.33556072992,21381.02886021813,135.77531025437298,48.227211344094016,33.1705992051557,13.405969358974044,110.77747868452451,21722.385429065253,-1508.0498683353326
297.60005371093735,20755.1060211852,21435.91855646545,133.72422977467454,47.448300834216134,32.49776940234938,13.107545532978866,107.81518532079345,21770.511587330464,-1015.4055661452658
297.7000537109375,20866.737198258365,21490.8082527129,131.7192394126385,46.688092894154074,31.845183827743245,12.818964390854118,104.96856061266114,21818.84829385095,-952.1110955925869
297.8000537109374,20587.70935862067,21545.697948960224,129.7589696268513,45.94599402938762,31.212039242048803,12.539798316501923,102.23171214487974,21867.386462319893,-1279.677103699225
297.9000537109375,21252.654516030118,21600.587645207666,127.84210132884667,45.221434082120254,30.5975718119337,12.269642639031577,99.59912283975841,21916.117517909355,-663.4630018792377
298.00005371093744,21655.47734145499,21655.477341454993,125.9673636708443,44.51386513966068,30.001054815068947,12.008114172733586,97.06562011734682,21965.033359370645,-309.5560179156564
